// Copyright Amazon.com, Inc. or its affiliates. All Rights Reserved.
// Copyright by contributors to this project.
// SPDX-License-Identifier: (Apache-2.0 OR MIT)

//! Unicode lookup tables for Python-parity string classification.
//!
//! GENERATED by scripts/generate_unicode_tables.py on 2026-08-24 — do not edit.
//! Source: CPython 3.14.7, Unicode 16.0.0.
//!
//! See the script docstring for the definition of each table.

/// The Unicode version these tables were generated from.
#[allow(dead_code)]
pub const UNICODE_VERSION: &str = "16.0.0";

/// True if `c` falls in one of `table`'s inclusive ranges.
pub fn in_table(table: &[(u32, u32)], c: char) -> bool {
    let cp = c as u32;
    table
        .binary_search_by(|&(start, end)| {
            if end < cp {
                std::cmp::Ordering::Less
            } else if start > cp {
                std::cmp::Ordering::Greater
            } else {
                std::cmp::Ordering::Equal
            }
        })
        .is_ok()
}

/// str.isdigit code points (Numeric_Type = Decimal or Digit).
#[rustfmt::skip]
pub static DIGIT: &[(u32, u32)] = &[
    (0x30, 0x39), (0xb2, 0xb3), (0xb9, 0xb9), (0x660, 0x669), (0x6f0, 0x6f9), (0x7c0, 0x7c9),
    (0x966, 0x96f), (0x9e6, 0x9ef), (0xa66, 0xa6f), (0xae6, 0xaef), (0xb66, 0xb6f), (0xbe6, 0xbef),
    (0xc66, 0xc6f), (0xce6, 0xcef), (0xd66, 0xd6f), (0xde6, 0xdef), (0xe50, 0xe59), (0xed0, 0xed9),
    (0xf20, 0xf29), (0x1040, 0x1049), (0x1090, 0x1099), (0x1369, 0x1371), (0x17e0, 0x17e9), (0x1810, 0x1819),
    (0x1946, 0x194f), (0x19d0, 0x19da), (0x1a80, 0x1a89), (0x1a90, 0x1a99), (0x1b50, 0x1b59), (0x1bb0, 0x1bb9),
    (0x1c40, 0x1c49), (0x1c50, 0x1c59), (0x2070, 0x2070), (0x2074, 0x2079), (0x2080, 0x2089), (0x2460, 0x2468),
    (0x2474, 0x247c), (0x2488, 0x2490), (0x24ea, 0x24ea), (0x24f5, 0x24fd), (0x24ff, 0x24ff), (0x2776, 0x277e),
    (0x2780, 0x2788), (0x278a, 0x2792), (0xa620, 0xa629), (0xa8d0, 0xa8d9), (0xa900, 0xa909), (0xa9d0, 0xa9d9),
    (0xa9f0, 0xa9f9), (0xaa50, 0xaa59), (0xabf0, 0xabf9), (0xff10, 0xff19), (0x104a0, 0x104a9), (0x10a40, 0x10a43),
    (0x10d30, 0x10d39), (0x10d40, 0x10d49), (0x10e60, 0x10e68), (0x11052, 0x1105a), (0x11066, 0x1106f), (0x110f0, 0x110f9),
    (0x11136, 0x1113f), (0x111d0, 0x111d9), (0x112f0, 0x112f9), (0x11450, 0x11459), (0x114d0, 0x114d9), (0x11650, 0x11659),
    (0x116c0, 0x116c9), (0x116d0, 0x116e3), (0x11730, 0x11739), (0x118e0, 0x118e9), (0x11950, 0x11959), (0x11bf0, 0x11bf9),
    (0x11c50, 0x11c59), (0x11d50, 0x11d59), (0x11da0, 0x11da9), (0x11f50, 0x11f59), (0x16130, 0x16139), (0x16a60, 0x16a69),
    (0x16ac0, 0x16ac9), (0x16b50, 0x16b59), (0x16d70, 0x16d79), (0x1ccf0, 0x1ccf9), (0x1d7ce, 0x1d7ff), (0x1e140, 0x1e149),
    (0x1e2f0, 0x1e2f9), (0x1e4f0, 0x1e4f9), (0x1e5f1, 0x1e5fa), (0x1e950, 0x1e959), (0x1f100, 0x1f10a), (0x1fbf0, 0x1fbf9),
];

/// str.isdecimal code points (Numeric_Type = Decimal, category Nd).
#[rustfmt::skip]
pub static DECIMAL: &[(u32, u32)] = &[
    (0x30, 0x39), (0x660, 0x669), (0x6f0, 0x6f9), (0x7c0, 0x7c9), (0x966, 0x96f), (0x9e6, 0x9ef),
    (0xa66, 0xa6f), (0xae6, 0xaef), (0xb66, 0xb6f), (0xbe6, 0xbef), (0xc66, 0xc6f), (0xce6, 0xcef),
    (0xd66, 0xd6f), (0xde6, 0xdef), (0xe50, 0xe59), (0xed0, 0xed9), (0xf20, 0xf29), (0x1040, 0x1049),
    (0x1090, 0x1099), (0x17e0, 0x17e9), (0x1810, 0x1819), (0x1946, 0x194f), (0x19d0, 0x19d9), (0x1a80, 0x1a89),
    (0x1a90, 0x1a99), (0x1b50, 0x1b59), (0x1bb0, 0x1bb9), (0x1c40, 0x1c49), (0x1c50, 0x1c59), (0xa620, 0xa629),
    (0xa8d0, 0xa8d9), (0xa900, 0xa909), (0xa9d0, 0xa9d9), (0xa9f0, 0xa9f9), (0xaa50, 0xaa59), (0xabf0, 0xabf9),
    (0xff10, 0xff19), (0x104a0, 0x104a9), (0x10d30, 0x10d39), (0x10d40, 0x10d49), (0x11066, 0x1106f), (0x110f0, 0x110f9),
    (0x11136, 0x1113f), (0x111d0, 0x111d9), (0x112f0, 0x112f9), (0x11450, 0x11459), (0x114d0, 0x114d9), (0x11650, 0x11659),
    (0x116c0, 0x116c9), (0x116d0, 0x116e3), (0x11730, 0x11739), (0x118e0, 0x118e9), (0x11950, 0x11959), (0x11bf0, 0x11bf9),
    (0x11c50, 0x11c59), (0x11d50, 0x11d59), (0x11da0, 0x11da9), (0x11f50, 0x11f59), (0x16130, 0x16139), (0x16a60, 0x16a69),
    (0x16ac0, 0x16ac9), (0x16b50, 0x16b59), (0x16d70, 0x16d79), (0x1ccf0, 0x1ccf9), (0x1d7ce, 0x1d7ff), (0x1e140, 0x1e149),
    (0x1e2f0, 0x1e2f9), (0x1e4f0, 0x1e4f9), (0x1e5f1, 0x1e5fa), (0x1e950, 0x1e959), (0x1fbf0, 0x1fbf9),
];

/// str.isalpha code points (general category Lu/Ll/Lt/Lm/Lo).
#[rustfmt::skip]
pub static ALPHA: &[(u32, u32)] = &[
    (0x41, 0x5a), (0x61, 0x7a), (0xaa, 0xaa), (0xb5, 0xb5), (0xba, 0xba), (0xc0, 0xd6),
    (0xd8, 0xf6), (0xf8, 0x2c1), (0x2c6, 0x2d1), (0x2e0, 0x2e4), (0x2ec, 0x2ec), (0x2ee, 0x2ee),
    (0x370, 0x374), (0x376, 0x377), (0x37a, 0x37d), (0x37f, 0x37f), (0x386, 0x386), (0x388, 0x38a),
    (0x38c, 0x38c), (0x38e, 0x3a1), (0x3a3, 0x3f5), (0x3f7, 0x481), (0x48a, 0x52f), (0x531, 0x556),
    (0x559, 0x559), (0x560, 0x588), (0x5d0, 0x5ea), (0x5ef, 0x5f2), (0x620, 0x64a), (0x66e, 0x66f),
    (0x671, 0x6d3), (0x6d5, 0x6d5), (0x6e5, 0x6e6), (0x6ee, 0x6ef), (0x6fa, 0x6fc), (0x6ff, 0x6ff),
    (0x710, 0x710), (0x712, 0x72f), (0x74d, 0x7a5), (0x7b1, 0x7b1), (0x7ca, 0x7ea), (0x7f4, 0x7f5),
    (0x7fa, 0x7fa), (0x800, 0x815), (0x81a, 0x81a), (0x824, 0x824), (0x828, 0x828), (0x840, 0x858),
    (0x860, 0x86a), (0x870, 0x887), (0x889, 0x88e), (0x8a0, 0x8c9), (0x904, 0x939), (0x93d, 0x93d),
    (0x950, 0x950), (0x958, 0x961), (0x971, 0x980), (0x985, 0x98c), (0x98f, 0x990), (0x993, 0x9a8),
    (0x9aa, 0x9b0), (0x9b2, 0x9b2), (0x9b6, 0x9b9), (0x9bd, 0x9bd), (0x9ce, 0x9ce), (0x9dc, 0x9dd),
    (0x9df, 0x9e1), (0x9f0, 0x9f1), (0x9fc, 0x9fc), (0xa05, 0xa0a), (0xa0f, 0xa10), (0xa13, 0xa28),
    (0xa2a, 0xa30), (0xa32, 0xa33), (0xa35, 0xa36), (0xa38, 0xa39), (0xa59, 0xa5c), (0xa5e, 0xa5e),
    (0xa72, 0xa74), (0xa85, 0xa8d), (0xa8f, 0xa91), (0xa93, 0xaa8), (0xaaa, 0xab0), (0xab2, 0xab3),
    (0xab5, 0xab9), (0xabd, 0xabd), (0xad0, 0xad0), (0xae0, 0xae1), (0xaf9, 0xaf9), (0xb05, 0xb0c),
    (0xb0f, 0xb10), (0xb13, 0xb28), (0xb2a, 0xb30), (0xb32, 0xb33), (0xb35, 0xb39), (0xb3d, 0xb3d),
    (0xb5c, 0xb5d), (0xb5f, 0xb61), (0xb71, 0xb71), (0xb83, 0xb83), (0xb85, 0xb8a), (0xb8e, 0xb90),
    (0xb92, 0xb95), (0xb99, 0xb9a), (0xb9c, 0xb9c), (0xb9e, 0xb9f), (0xba3, 0xba4), (0xba8, 0xbaa),
    (0xbae, 0xbb9), (0xbd0, 0xbd0), (0xc05, 0xc0c), (0xc0e, 0xc10), (0xc12, 0xc28), (0xc2a, 0xc39),
    (0xc3d, 0xc3d), (0xc58, 0xc5a), (0xc5d, 0xc5d), (0xc60, 0xc61), (0xc80, 0xc80), (0xc85, 0xc8c),
    (0xc8e, 0xc90), (0xc92, 0xca8), (0xcaa, 0xcb3), (0xcb5, 0xcb9), (0xcbd, 0xcbd), (0xcdd, 0xcde),
    (0xce0, 0xce1), (0xcf1, 0xcf2), (0xd04, 0xd0c), (0xd0e, 0xd10), (0xd12, 0xd3a), (0xd3d, 0xd3d),
    (0xd4e, 0xd4e), (0xd54, 0xd56), (0xd5f, 0xd61), (0xd7a, 0xd7f), (0xd85, 0xd96), (0xd9a, 0xdb1),
    (0xdb3, 0xdbb), (0xdbd, 0xdbd), (0xdc0, 0xdc6), (0xe01, 0xe30), (0xe32, 0xe33), (0xe40, 0xe46),
    (0xe81, 0xe82), (0xe84, 0xe84), (0xe86, 0xe8a), (0xe8c, 0xea3), (0xea5, 0xea5), (0xea7, 0xeb0),
    (0xeb2, 0xeb3), (0xebd, 0xebd), (0xec0, 0xec4), (0xec6, 0xec6), (0xedc, 0xedf), (0xf00, 0xf00),
    (0xf40, 0xf47), (0xf49, 0xf6c), (0xf88, 0xf8c), (0x1000, 0x102a), (0x103f, 0x103f), (0x1050, 0x1055),
    (0x105a, 0x105d), (0x1061, 0x1061), (0x1065, 0x1066), (0x106e, 0x1070), (0x1075, 0x1081), (0x108e, 0x108e),
    (0x10a0, 0x10c5), (0x10c7, 0x10c7), (0x10cd, 0x10cd), (0x10d0, 0x10fa), (0x10fc, 0x1248), (0x124a, 0x124d),
    (0x1250, 0x1256), (0x1258, 0x1258), (0x125a, 0x125d), (0x1260, 0x1288), (0x128a, 0x128d), (0x1290, 0x12b0),
    (0x12b2, 0x12b5), (0x12b8, 0x12be), (0x12c0, 0x12c0), (0x12c2, 0x12c5), (0x12c8, 0x12d6), (0x12d8, 0x1310),
    (0x1312, 0x1315), (0x1318, 0x135a), (0x1380, 0x138f), (0x13a0, 0x13f5), (0x13f8, 0x13fd), (0x1401, 0x166c),
    (0x166f, 0x167f), (0x1681, 0x169a), (0x16a0, 0x16ea), (0x16f1, 0x16f8), (0x1700, 0x1711), (0x171f, 0x1731),
    (0x1740, 0x1751), (0x1760, 0x176c), (0x176e, 0x1770), (0x1780, 0x17b3), (0x17d7, 0x17d7), (0x17dc, 0x17dc),
    (0x1820, 0x1878), (0x1880, 0x1884), (0x1887, 0x18a8), (0x18aa, 0x18aa), (0x18b0, 0x18f5), (0x1900, 0x191e),
    (0x1950, 0x196d), (0x1970, 0x1974), (0x1980, 0x19ab), (0x19b0, 0x19c9), (0x1a00, 0x1a16), (0x1a20, 0x1a54),
    (0x1aa7, 0x1aa7), (0x1b05, 0x1b33), (0x1b45, 0x1b4c), (0x1b83, 0x1ba0), (0x1bae, 0x1baf), (0x1bba, 0x1be5),
    (0x1c00, 0x1c23), (0x1c4d, 0x1c4f), (0x1c5a, 0x1c7d), (0x1c80, 0x1c8a), (0x1c90, 0x1cba), (0x1cbd, 0x1cbf),
    (0x1ce9, 0x1cec), (0x1cee, 0x1cf3), (0x1cf5, 0x1cf6), (0x1cfa, 0x1cfa), (0x1d00, 0x1dbf), (0x1e00, 0x1f15),
    (0x1f18, 0x1f1d), (0x1f20, 0x1f45), (0x1f48, 0x1f4d), (0x1f50, 0x1f57), (0x1f59, 0x1f59), (0x1f5b, 0x1f5b),
    (0x1f5d, 0x1f5d), (0x1f5f, 0x1f7d), (0x1f80, 0x1fb4), (0x1fb6, 0x1fbc), (0x1fbe, 0x1fbe), (0x1fc2, 0x1fc4),
    (0x1fc6, 0x1fcc), (0x1fd0, 0x1fd3), (0x1fd6, 0x1fdb), (0x1fe0, 0x1fec), (0x1ff2, 0x1ff4), (0x1ff6, 0x1ffc),
    (0x2071, 0x2071), (0x207f, 0x207f), (0x2090, 0x209c), (0x2102, 0x2102), (0x2107, 0x2107), (0x210a, 0x2113),
    (0x2115, 0x2115), (0x2119, 0x211d), (0x2124, 0x2124), (0x2126, 0x2126), (0x2128, 0x2128), (0x212a, 0x212d),
    (0x212f, 0x2139), (0x213c, 0x213f), (0x2145, 0x2149), (0x214e, 0x214e), (0x2183, 0x2184), (0x2c00, 0x2ce4),
    (0x2ceb, 0x2cee), (0x2cf2, 0x2cf3), (0x2d00, 0x2d25), (0x2d27, 0x2d27), (0x2d2d, 0x2d2d), (0x2d30, 0x2d67),
    (0x2d6f, 0x2d6f), (0x2d80, 0x2d96), (0x2da0, 0x2da6), (0x2da8, 0x2dae), (0x2db0, 0x2db6), (0x2db8, 0x2dbe),
    (0x2dc0, 0x2dc6), (0x2dc8, 0x2dce), (0x2dd0, 0x2dd6), (0x2dd8, 0x2dde), (0x2e2f, 0x2e2f), (0x3005, 0x3006),
    (0x3031, 0x3035), (0x303b, 0x303c), (0x3041, 0x3096), (0x309d, 0x309f), (0x30a1, 0x30fa), (0x30fc, 0x30ff),
    (0x3105, 0x312f), (0x3131, 0x318e), (0x31a0, 0x31bf), (0x31f0, 0x31ff), (0x3400, 0x4dbf), (0x4e00, 0xa48c),
    (0xa4d0, 0xa4fd), (0xa500, 0xa60c), (0xa610, 0xa61f), (0xa62a, 0xa62b), (0xa640, 0xa66e), (0xa67f, 0xa69d),
    (0xa6a0, 0xa6e5), (0xa717, 0xa71f), (0xa722, 0xa788), (0xa78b, 0xa7cd), (0xa7d0, 0xa7d1), (0xa7d3, 0xa7d3),
    (0xa7d5, 0xa7dc), (0xa7f2, 0xa801), (0xa803, 0xa805), (0xa807, 0xa80a), (0xa80c, 0xa822), (0xa840, 0xa873),
    (0xa882, 0xa8b3), (0xa8f2, 0xa8f7), (0xa8fb, 0xa8fb), (0xa8fd, 0xa8fe), (0xa90a, 0xa925), (0xa930, 0xa946),
    (0xa960, 0xa97c), (0xa984, 0xa9b2), (0xa9cf, 0xa9cf), (0xa9e0, 0xa9e4), (0xa9e6, 0xa9ef), (0xa9fa, 0xa9fe),
    (0xaa00, 0xaa28), (0xaa40, 0xaa42), (0xaa44, 0xaa4b), (0xaa60, 0xaa76), (0xaa7a, 0xaa7a), (0xaa7e, 0xaaaf),
    (0xaab1, 0xaab1), (0xaab5, 0xaab6), (0xaab9, 0xaabd), (0xaac0, 0xaac0), (0xaac2, 0xaac2), (0xaadb, 0xaadd),
    (0xaae0, 0xaaea), (0xaaf2, 0xaaf4), (0xab01, 0xab06), (0xab09, 0xab0e), (0xab11, 0xab16), (0xab20, 0xab26),
    (0xab28, 0xab2e), (0xab30, 0xab5a), (0xab5c, 0xab69), (0xab70, 0xabe2), (0xac00, 0xd7a3), (0xd7b0, 0xd7c6),
    (0xd7cb, 0xd7fb), (0xf900, 0xfa6d), (0xfa70, 0xfad9), (0xfb00, 0xfb06), (0xfb13, 0xfb17), (0xfb1d, 0xfb1d),
    (0xfb1f, 0xfb28), (0xfb2a, 0xfb36), (0xfb38, 0xfb3c), (0xfb3e, 0xfb3e), (0xfb40, 0xfb41), (0xfb43, 0xfb44),
    (0xfb46, 0xfbb1), (0xfbd3, 0xfd3d), (0xfd50, 0xfd8f), (0xfd92, 0xfdc7), (0xfdf0, 0xfdfb), (0xfe70, 0xfe74),
    (0xfe76, 0xfefc), (0xff21, 0xff3a), (0xff41, 0xff5a), (0xff66, 0xffbe), (0xffc2, 0xffc7), (0xffca, 0xffcf),
    (0xffd2, 0xffd7), (0xffda, 0xffdc), (0x10000, 0x1000b), (0x1000d, 0x10026), (0x10028, 0x1003a), (0x1003c, 0x1003d),
    (0x1003f, 0x1004d), (0x10050, 0x1005d), (0x10080, 0x100fa), (0x10280, 0x1029c), (0x102a0, 0x102d0), (0x10300, 0x1031f),
    (0x1032d, 0x10340), (0x10342, 0x10349), (0x10350, 0x10375), (0x10380, 0x1039d), (0x103a0, 0x103c3), (0x103c8, 0x103cf),
    (0x10400, 0x1049d), (0x104b0, 0x104d3), (0x104d8, 0x104fb), (0x10500, 0x10527), (0x10530, 0x10563), (0x10570, 0x1057a),
    (0x1057c, 0x1058a), (0x1058c, 0x10592), (0x10594, 0x10595), (0x10597, 0x105a1), (0x105a3, 0x105b1), (0x105b3, 0x105b9),
    (0x105bb, 0x105bc), (0x105c0, 0x105f3), (0x10600, 0x10736), (0x10740, 0x10755), (0x10760, 0x10767), (0x10780, 0x10785),
    (0x10787, 0x107b0), (0x107b2, 0x107ba), (0x10800, 0x10805), (0x10808, 0x10808), (0x1080a, 0x10835), (0x10837, 0x10838),
    (0x1083c, 0x1083c), (0x1083f, 0x10855), (0x10860, 0x10876), (0x10880, 0x1089e), (0x108e0, 0x108f2), (0x108f4, 0x108f5),
    (0x10900, 0x10915), (0x10920, 0x10939), (0x10980, 0x109b7), (0x109be, 0x109bf), (0x10a00, 0x10a00), (0x10a10, 0x10a13),
    (0x10a15, 0x10a17), (0x10a19, 0x10a35), (0x10a60, 0x10a7c), (0x10a80, 0x10a9c), (0x10ac0, 0x10ac7), (0x10ac9, 0x10ae4),
    (0x10b00, 0x10b35), (0x10b40, 0x10b55), (0x10b60, 0x10b72), (0x10b80, 0x10b91), (0x10c00, 0x10c48), (0x10c80, 0x10cb2),
    (0x10cc0, 0x10cf2), (0x10d00, 0x10d23), (0x10d4a, 0x10d65), (0x10d6f, 0x10d85), (0x10e80, 0x10ea9), (0x10eb0, 0x10eb1),
    (0x10ec2, 0x10ec4), (0x10f00, 0x10f1c), (0x10f27, 0x10f27), (0x10f30, 0x10f45), (0x10f70, 0x10f81), (0x10fb0, 0x10fc4),
    (0x10fe0, 0x10ff6), (0x11003, 0x11037), (0x11071, 0x11072), (0x11075, 0x11075), (0x11083, 0x110af), (0x110d0, 0x110e8),
    (0x11103, 0x11126), (0x11144, 0x11144), (0x11147, 0x11147), (0x11150, 0x11172), (0x11176, 0x11176), (0x11183, 0x111b2),
    (0x111c1, 0x111c4), (0x111da, 0x111da), (0x111dc, 0x111dc), (0x11200, 0x11211), (0x11213, 0x1122b), (0x1123f, 0x11240),
    (0x11280, 0x11286), (0x11288, 0x11288), (0x1128a, 0x1128d), (0x1128f, 0x1129d), (0x1129f, 0x112a8), (0x112b0, 0x112de),
    (0x11305, 0x1130c), (0x1130f, 0x11310), (0x11313, 0x11328), (0x1132a, 0x11330), (0x11332, 0x11333), (0x11335, 0x11339),
    (0x1133d, 0x1133d), (0x11350, 0x11350), (0x1135d, 0x11361), (0x11380, 0x11389), (0x1138b, 0x1138b), (0x1138e, 0x1138e),
    (0x11390, 0x113b5), (0x113b7, 0x113b7), (0x113d1, 0x113d1), (0x113d3, 0x113d3), (0x11400, 0x11434), (0x11447, 0x1144a),
    (0x1145f, 0x11461), (0x11480, 0x114af), (0x114c4, 0x114c5), (0x114c7, 0x114c7), (0x11580, 0x115ae), (0x115d8, 0x115db),
    (0x11600, 0x1162f), (0x11644, 0x11644), (0x11680, 0x116aa), (0x116b8, 0x116b8), (0x11700, 0x1171a), (0x11740, 0x11746),
    (0x11800, 0x1182b), (0x118a0, 0x118df), (0x118ff, 0x11906), (0x11909, 0x11909), (0x1190c, 0x11913), (0x11915, 0x11916),
    (0x11918, 0x1192f), (0x1193f, 0x1193f), (0x11941, 0x11941), (0x119a0, 0x119a7), (0x119aa, 0x119d0), (0x119e1, 0x119e1),
    (0x119e3, 0x119e3), (0x11a00, 0x11a00), (0x11a0b, 0x11a32), (0x11a3a, 0x11a3a), (0x11a50, 0x11a50), (0x11a5c, 0x11a89),
    (0x11a9d, 0x11a9d), (0x11ab0, 0x11af8), (0x11bc0, 0x11be0), (0x11c00, 0x11c08), (0x11c0a, 0x11c2e), (0x11c40, 0x11c40),
    (0x11c72, 0x11c8f), (0x11d00, 0x11d06), (0x11d08, 0x11d09), (0x11d0b, 0x11d30), (0x11d46, 0x11d46), (0x11d60, 0x11d65),
    (0x11d67, 0x11d68), (0x11d6a, 0x11d89), (0x11d98, 0x11d98), (0x11ee0, 0x11ef2), (0x11f02, 0x11f02), (0x11f04, 0x11f10),
    (0x11f12, 0x11f33), (0x11fb0, 0x11fb0), (0x12000, 0x12399), (0x12480, 0x12543), (0x12f90, 0x12ff0), (0x13000, 0x1342f),
    (0x13441, 0x13446), (0x13460, 0x143fa), (0x14400, 0x14646), (0x16100, 0x1611d), (0x16800, 0x16a38), (0x16a40, 0x16a5e),
    (0x16a70, 0x16abe), (0x16ad0, 0x16aed), (0x16b00, 0x16b2f), (0x16b40, 0x16b43), (0x16b63, 0x16b77), (0x16b7d, 0x16b8f),
    (0x16d40, 0x16d6c), (0x16e40, 0x16e7f), (0x16f00, 0x16f4a), (0x16f50, 0x16f50), (0x16f93, 0x16f9f), (0x16fe0, 0x16fe1),
    (0x16fe3, 0x16fe3), (0x17000, 0x187f7), (0x18800, 0x18cd5), (0x18cff, 0x18d08), (0x1aff0, 0x1aff3), (0x1aff5, 0x1affb),
    (0x1affd, 0x1affe), (0x1b000, 0x1b122), (0x1b132, 0x1b132), (0x1b150, 0x1b152), (0x1b155, 0x1b155), (0x1b164, 0x1b167),
    (0x1b170, 0x1b2fb), (0x1bc00, 0x1bc6a), (0x1bc70, 0x1bc7c), (0x1bc80, 0x1bc88), (0x1bc90, 0x1bc99), (0x1d400, 0x1d454),
    (0x1d456, 0x1d49c), (0x1d49e, 0x1d49f), (0x1d4a2, 0x1d4a2), (0x1d4a5, 0x1d4a6), (0x1d4a9, 0x1d4ac), (0x1d4ae, 0x1d4b9),
    (0x1d4bb, 0x1d4bb), (0x1d4bd, 0x1d4c3), (0x1d4c5, 0x1d505), (0x1d507, 0x1d50a), (0x1d50d, 0x1d514), (0x1d516, 0x1d51c),
    (0x1d51e, 0x1d539), (0x1d53b, 0x1d53e), (0x1d540, 0x1d544), (0x1d546, 0x1d546), (0x1d54a, 0x1d550), (0x1d552, 0x1d6a5),
    (0x1d6a8, 0x1d6c0), (0x1d6c2, 0x1d6da), (0x1d6dc, 0x1d6fa), (0x1d6fc, 0x1d714), (0x1d716, 0x1d734), (0x1d736, 0x1d74e),
    (0x1d750, 0x1d76e), (0x1d770, 0x1d788), (0x1d78a, 0x1d7a8), (0x1d7aa, 0x1d7c2), (0x1d7c4, 0x1d7cb), (0x1df00, 0x1df1e),
    (0x1df25, 0x1df2a), (0x1e030, 0x1e06d), (0x1e100, 0x1e12c), (0x1e137, 0x1e13d), (0x1e14e, 0x1e14e), (0x1e290, 0x1e2ad),
    (0x1e2c0, 0x1e2eb), (0x1e4d0, 0x1e4eb), (0x1e5d0, 0x1e5ed), (0x1e5f0, 0x1e5f0), (0x1e7e0, 0x1e7e6), (0x1e7e8, 0x1e7eb),
    (0x1e7ed, 0x1e7ee), (0x1e7f0, 0x1e7fe), (0x1e800, 0x1e8c4), (0x1e900, 0x1e943), (0x1e94b, 0x1e94b), (0x1ee00, 0x1ee03),
    (0x1ee05, 0x1ee1f), (0x1ee21, 0x1ee22), (0x1ee24, 0x1ee24), (0x1ee27, 0x1ee27), (0x1ee29, 0x1ee32), (0x1ee34, 0x1ee37),
    (0x1ee39, 0x1ee39), (0x1ee3b, 0x1ee3b), (0x1ee42, 0x1ee42), (0x1ee47, 0x1ee47), (0x1ee49, 0x1ee49), (0x1ee4b, 0x1ee4b),
    (0x1ee4d, 0x1ee4f), (0x1ee51, 0x1ee52), (0x1ee54, 0x1ee54), (0x1ee57, 0x1ee57), (0x1ee59, 0x1ee59), (0x1ee5b, 0x1ee5b),
    (0x1ee5d, 0x1ee5d), (0x1ee5f, 0x1ee5f), (0x1ee61, 0x1ee62), (0x1ee64, 0x1ee64), (0x1ee67, 0x1ee6a), (0x1ee6c, 0x1ee72),
    (0x1ee74, 0x1ee77), (0x1ee79, 0x1ee7c), (0x1ee7e, 0x1ee7e), (0x1ee80, 0x1ee89), (0x1ee8b, 0x1ee9b), (0x1eea1, 0x1eea3),
    (0x1eea5, 0x1eea9), (0x1eeab, 0x1eebb), (0x20000, 0x2a6df), (0x2a700, 0x2b739), (0x2b740, 0x2b81d), (0x2b820, 0x2cea1),
    (0x2ceb0, 0x2ebe0), (0x2ebf0, 0x2ee5d), (0x2f800, 0x2fa1d), (0x30000, 0x3134a), (0x31350, 0x323af),
];

/// str.isalnum code points (ALPHA or any Numeric_Type).
#[rustfmt::skip]
pub static ALNUM: &[(u32, u32)] = &[
    (0x30, 0x39), (0x41, 0x5a), (0x61, 0x7a), (0xaa, 0xaa), (0xb2, 0xb3), (0xb5, 0xb5),
    (0xb9, 0xba), (0xbc, 0xbe), (0xc0, 0xd6), (0xd8, 0xf6), (0xf8, 0x2c1), (0x2c6, 0x2d1),
    (0x2e0, 0x2e4), (0x2ec, 0x2ec), (0x2ee, 0x2ee), (0x370, 0x374), (0x376, 0x377), (0x37a, 0x37d),
    (0x37f, 0x37f), (0x386, 0x386), (0x388, 0x38a), (0x38c, 0x38c), (0x38e, 0x3a1), (0x3a3, 0x3f5),
    (0x3f7, 0x481), (0x48a, 0x52f), (0x531, 0x556), (0x559, 0x559), (0x560, 0x588), (0x5d0, 0x5ea),
    (0x5ef, 0x5f2), (0x620, 0x64a), (0x660, 0x669), (0x66e, 0x66f), (0x671, 0x6d3), (0x6d5, 0x6d5),
    (0x6e5, 0x6e6), (0x6ee, 0x6fc), (0x6ff, 0x6ff), (0x710, 0x710), (0x712, 0x72f), (0x74d, 0x7a5),
    (0x7b1, 0x7b1), (0x7c0, 0x7ea), (0x7f4, 0x7f5), (0x7fa, 0x7fa), (0x800, 0x815), (0x81a, 0x81a),
    (0x824, 0x824), (0x828, 0x828), (0x840, 0x858), (0x860, 0x86a), (0x870, 0x887), (0x889, 0x88e),
    (0x8a0, 0x8c9), (0x904, 0x939), (0x93d, 0x93d), (0x950, 0x950), (0x958, 0x961), (0x966, 0x96f),
    (0x971, 0x980), (0x985, 0x98c), (0x98f, 0x990), (0x993, 0x9a8), (0x9aa, 0x9b0), (0x9b2, 0x9b2),
    (0x9b6, 0x9b9), (0x9bd, 0x9bd), (0x9ce, 0x9ce), (0x9dc, 0x9dd), (0x9df, 0x9e1), (0x9e6, 0x9f1),
    (0x9f4, 0x9f9), (0x9fc, 0x9fc), (0xa05, 0xa0a), (0xa0f, 0xa10), (0xa13, 0xa28), (0xa2a, 0xa30),
    (0xa32, 0xa33), (0xa35, 0xa36), (0xa38, 0xa39), (0xa59, 0xa5c), (0xa5e, 0xa5e), (0xa66, 0xa6f),
    (0xa72, 0xa74), (0xa85, 0xa8d), (0xa8f, 0xa91), (0xa93, 0xaa8), (0xaaa, 0xab0), (0xab2, 0xab3),
    (0xab5, 0xab9), (0xabd, 0xabd), (0xad0, 0xad0), (0xae0, 0xae1), (0xae6, 0xaef), (0xaf9, 0xaf9),
    (0xb05, 0xb0c), (0xb0f, 0xb10), (0xb13, 0xb28), (0xb2a, 0xb30), (0xb32, 0xb33), (0xb35, 0xb39),
    (0xb3d, 0xb3d), (0xb5c, 0xb5d), (0xb5f, 0xb61), (0xb66, 0xb6f), (0xb71, 0xb77), (0xb83, 0xb83),
    (0xb85, 0xb8a), (0xb8e, 0xb90), (0xb92, 0xb95), (0xb99, 0xb9a), (0xb9c, 0xb9c), (0xb9e, 0xb9f),
    (0xba3, 0xba4), (0xba8, 0xbaa), (0xbae, 0xbb9), (0xbd0, 0xbd0), (0xbe6, 0xbf2), (0xc05, 0xc0c),
    (0xc0e, 0xc10), (0xc12, 0xc28), (0xc2a, 0xc39), (0xc3d, 0xc3d), (0xc58, 0xc5a), (0xc5d, 0xc5d),
    (0xc60, 0xc61), (0xc66, 0xc6f), (0xc78, 0xc7e), (0xc80, 0xc80), (0xc85, 0xc8c), (0xc8e, 0xc90),
    (0xc92, 0xca8), (0xcaa, 0xcb3), (0xcb5, 0xcb9), (0xcbd, 0xcbd), (0xcdd, 0xcde), (0xce0, 0xce1),
    (0xce6, 0xcef), (0xcf1, 0xcf2), (0xd04, 0xd0c), (0xd0e, 0xd10), (0xd12, 0xd3a), (0xd3d, 0xd3d),
    (0xd4e, 0xd4e), (0xd54, 0xd56), (0xd58, 0xd61), (0xd66, 0xd78), (0xd7a, 0xd7f), (0xd85, 0xd96),
    (0xd9a, 0xdb1), (0xdb3, 0xdbb), (0xdbd, 0xdbd), (0xdc0, 0xdc6), (0xde6, 0xdef), (0xe01, 0xe30),
    (0xe32, 0xe33), (0xe40, 0xe46), (0xe50, 0xe59), (0xe81, 0xe82), (0xe84, 0xe84), (0xe86, 0xe8a),
    (0xe8c, 0xea3), (0xea5, 0xea5), (0xea7, 0xeb0), (0xeb2, 0xeb3), (0xebd, 0xebd), (0xec0, 0xec4),
    (0xec6, 0xec6), (0xed0, 0xed9), (0xedc, 0xedf), (0xf00, 0xf00), (0xf20, 0xf33), (0xf40, 0xf47),
    (0xf49, 0xf6c), (0xf88, 0xf8c), (0x1000, 0x102a), (0x103f, 0x1049), (0x1050, 0x1055), (0x105a, 0x105d),
    (0x1061, 0x1061), (0x1065, 0x1066), (0x106e, 0x1070), (0x1075, 0x1081), (0x108e, 0x108e), (0x1090, 0x1099),
    (0x10a0, 0x10c5), (0x10c7, 0x10c7), (0x10cd, 0x10cd), (0x10d0, 0x10fa), (0x10fc, 0x1248), (0x124a, 0x124d),
    (0x1250, 0x1256), (0x1258, 0x1258), (0x125a, 0x125d), (0x1260, 0x1288), (0x128a, 0x128d), (0x1290, 0x12b0),
    (0x12b2, 0x12b5), (0x12b8, 0x12be), (0x12c0, 0x12c0), (0x12c2, 0x12c5), (0x12c8, 0x12d6), (0x12d8, 0x1310),
    (0x1312, 0x1315), (0x1318, 0x135a), (0x1369, 0x137c), (0x1380, 0x138f), (0x13a0, 0x13f5), (0x13f8, 0x13fd),
    (0x1401, 0x166c), (0x166f, 0x167f), (0x1681, 0x169a), (0x16a0, 0x16ea), (0x16ee, 0x16f8), (0x1700, 0x1711),
    (0x171f, 0x1731), (0x1740, 0x1751), (0x1760, 0x176c), (0x176e, 0x1770), (0x1780, 0x17b3), (0x17d7, 0x17d7),
    (0x17dc, 0x17dc), (0x17e0, 0x17e9), (0x17f0, 0x17f9), (0x1810, 0x1819), (0x1820, 0x1878), (0x1880, 0x1884),
    (0x1887, 0x18a8), (0x18aa, 0x18aa), (0x18b0, 0x18f5), (0x1900, 0x191e), (0x1946, 0x196d), (0x1970, 0x1974),
    (0x1980, 0x19ab), (0x19b0, 0x19c9), (0x19d0, 0x19da), (0x1a00, 0x1a16), (0x1a20, 0x1a54), (0x1a80, 0x1a89),
    (0x1a90, 0x1a99), (0x1aa7, 0x1aa7), (0x1b05, 0x1b33), (0x1b45, 0x1b4c), (0x1b50, 0x1b59), (0x1b83, 0x1ba0),
    (0x1bae, 0x1be5), (0x1c00, 0x1c23), (0x1c40, 0x1c49), (0x1c4d, 0x1c7d), (0x1c80, 0x1c8a), (0x1c90, 0x1cba),
    (0x1cbd, 0x1cbf), (0x1ce9, 0x1cec), (0x1cee, 0x1cf3), (0x1cf5, 0x1cf6), (0x1cfa, 0x1cfa), (0x1d00, 0x1dbf),
    (0x1e00, 0x1f15), (0x1f18, 0x1f1d), (0x1f20, 0x1f45), (0x1f48, 0x1f4d), (0x1f50, 0x1f57), (0x1f59, 0x1f59),
    (0x1f5b, 0x1f5b), (0x1f5d, 0x1f5d), (0x1f5f, 0x1f7d), (0x1f80, 0x1fb4), (0x1fb6, 0x1fbc), (0x1fbe, 0x1fbe),
    (0x1fc2, 0x1fc4), (0x1fc6, 0x1fcc), (0x1fd0, 0x1fd3), (0x1fd6, 0x1fdb), (0x1fe0, 0x1fec), (0x1ff2, 0x1ff4),
    (0x1ff6, 0x1ffc), (0x2070, 0x2071), (0x2074, 0x2079), (0x207f, 0x2089), (0x2090, 0x209c), (0x2102, 0x2102),
    (0x2107, 0x2107), (0x210a, 0x2113), (0x2115, 0x2115), (0x2119, 0x211d), (0x2124, 0x2124), (0x2126, 0x2126),
    (0x2128, 0x2128), (0x212a, 0x212d), (0x212f, 0x2139), (0x213c, 0x213f), (0x2145, 0x2149), (0x214e, 0x214e),
    (0x2150, 0x2189), (0x2460, 0x249b), (0x24ea, 0x24ff), (0x2776, 0x2793), (0x2c00, 0x2ce4), (0x2ceb, 0x2cee),
    (0x2cf2, 0x2cf3), (0x2cfd, 0x2cfd), (0x2d00, 0x2d25), (0x2d27, 0x2d27), (0x2d2d, 0x2d2d), (0x2d30, 0x2d67),
    (0x2d6f, 0x2d6f), (0x2d80, 0x2d96), (0x2da0, 0x2da6), (0x2da8, 0x2dae), (0x2db0, 0x2db6), (0x2db8, 0x2dbe),
    (0x2dc0, 0x2dc6), (0x2dc8, 0x2dce), (0x2dd0, 0x2dd6), (0x2dd8, 0x2dde), (0x2e2f, 0x2e2f), (0x3005, 0x3007),
    (0x3021, 0x3029), (0x3031, 0x3035), (0x3038, 0x303c), (0x3041, 0x3096), (0x309d, 0x309f), (0x30a1, 0x30fa),
    (0x30fc, 0x30ff), (0x3105, 0x312f), (0x3131, 0x318e), (0x3192, 0x3195), (0x31a0, 0x31bf), (0x31f0, 0x31ff),
    (0x3220, 0x3229), (0x3248, 0x324f), (0x3251, 0x325f), (0x3280, 0x3289), (0x32b1, 0x32bf), (0x3400, 0x4dbf),
    (0x4e00, 0xa48c), (0xa4d0, 0xa4fd), (0xa500, 0xa60c), (0xa610, 0xa62b), (0xa640, 0xa66e), (0xa67f, 0xa69d),
    (0xa6a0, 0xa6ef), (0xa717, 0xa71f), (0xa722, 0xa788), (0xa78b, 0xa7cd), (0xa7d0, 0xa7d1), (0xa7d3, 0xa7d3),
    (0xa7d5, 0xa7dc), (0xa7f2, 0xa801), (0xa803, 0xa805), (0xa807, 0xa80a), (0xa80c, 0xa822), (0xa830, 0xa835),
    (0xa840, 0xa873), (0xa882, 0xa8b3), (0xa8d0, 0xa8d9), (0xa8f2, 0xa8f7), (0xa8fb, 0xa8fb), (0xa8fd, 0xa8fe),
    (0xa900, 0xa925), (0xa930, 0xa946), (0xa960, 0xa97c), (0xa984, 0xa9b2), (0xa9cf, 0xa9d9), (0xa9e0, 0xa9e4),
    (0xa9e6, 0xa9fe), (0xaa00, 0xaa28), (0xaa40, 0xaa42), (0xaa44, 0xaa4b), (0xaa50, 0xaa59), (0xaa60, 0xaa76),
    (0xaa7a, 0xaa7a), (0xaa7e, 0xaaaf), (0xaab1, 0xaab1), (0xaab5, 0xaab6), (0xaab9, 0xaabd), (0xaac0, 0xaac0),
    (0xaac2, 0xaac2), (0xaadb, 0xaadd), (0xaae0, 0xaaea), (0xaaf2, 0xaaf4), (0xab01, 0xab06), (0xab09, 0xab0e),
    (0xab11, 0xab16), (0xab20, 0xab26), (0xab28, 0xab2e), (0xab30, 0xab5a), (0xab5c, 0xab69), (0xab70, 0xabe2),
    (0xabf0, 0xabf9), (0xac00, 0xd7a3), (0xd7b0, 0xd7c6), (0xd7cb, 0xd7fb), (0xf900, 0xfa6d), (0xfa70, 0xfad9),
    (0xfb00, 0xfb06), (0xfb13, 0xfb17), (0xfb1d, 0xfb1d), (0xfb1f, 0xfb28), (0xfb2a, 0xfb36), (0xfb38, 0xfb3c),
    (0xfb3e, 0xfb3e), (0xfb40, 0xfb41), (0xfb43, 0xfb44), (0xfb46, 0xfbb1), (0xfbd3, 0xfd3d), (0xfd50, 0xfd8f),
    (0xfd92, 0xfdc7), (0xfdf0, 0xfdfb), (0xfe70, 0xfe74), (0xfe76, 0xfefc), (0xff10, 0xff19), (0xff21, 0xff3a),
    (0xff41, 0xff5a), (0xff66, 0xffbe), (0xffc2, 0xffc7), (0xffca, 0xffcf), (0xffd2, 0xffd7), (0xffda, 0xffdc),
    (0x10000, 0x1000b), (0x1000d, 0x10026), (0x10028, 0x1003a), (0x1003c, 0x1003d), (0x1003f, 0x1004d), (0x10050, 0x1005d),
    (0x10080, 0x100fa), (0x10107, 0x10133), (0x10140, 0x10178), (0x1018a, 0x1018b), (0x10280, 0x1029c), (0x102a0, 0x102d0),
    (0x102e1, 0x102fb), (0x10300, 0x10323), (0x1032d, 0x1034a), (0x10350, 0x10375), (0x10380, 0x1039d), (0x103a0, 0x103c3),
    (0x103c8, 0x103cf), (0x103d1, 0x103d5), (0x10400, 0x1049d), (0x104a0, 0x104a9), (0x104b0, 0x104d3), (0x104d8, 0x104fb),
    (0x10500, 0x10527), (0x10530, 0x10563), (0x10570, 0x1057a), (0x1057c, 0x1058a), (0x1058c, 0x10592), (0x10594, 0x10595),
    (0x10597, 0x105a1), (0x105a3, 0x105b1), (0x105b3, 0x105b9), (0x105bb, 0x105bc), (0x105c0, 0x105f3), (0x10600, 0x10736),
    (0x10740, 0x10755), (0x10760, 0x10767), (0x10780, 0x10785), (0x10787, 0x107b0), (0x107b2, 0x107ba), (0x10800, 0x10805),
    (0x10808, 0x10808), (0x1080a, 0x10835), (0x10837, 0x10838), (0x1083c, 0x1083c), (0x1083f, 0x10855), (0x10858, 0x10876),
    (0x10879, 0x1089e), (0x108a7, 0x108af), (0x108e0, 0x108f2), (0x108f4, 0x108f5), (0x108fb, 0x1091b), (0x10920, 0x10939),
    (0x10980, 0x109b7), (0x109bc, 0x109cf), (0x109d2, 0x10a00), (0x10a10, 0x10a13), (0x10a15, 0x10a17), (0x10a19, 0x10a35),
    (0x10a40, 0x10a48), (0x10a60, 0x10a7e), (0x10a80, 0x10a9f), (0x10ac0, 0x10ac7), (0x10ac9, 0x10ae4), (0x10aeb, 0x10aef),
    (0x10b00, 0x10b35), (0x10b40, 0x10b55), (0x10b58, 0x10b72), (0x10b78, 0x10b91), (0x10ba9, 0x10baf), (0x10c00, 0x10c48),
    (0x10c80, 0x10cb2), (0x10cc0, 0x10cf2), (0x10cfa, 0x10d23), (0x10d30, 0x10d39), (0x10d40, 0x10d65), (0x10d6f, 0x10d85),
    (0x10e60, 0x10e7e), (0x10e80, 0x10ea9), (0x10eb0, 0x10eb1), (0x10ec2, 0x10ec4), (0x10f00, 0x10f27), (0x10f30, 0x10f45),
    (0x10f51, 0x10f54), (0x10f70, 0x10f81), (0x10fb0, 0x10fcb), (0x10fe0, 0x10ff6), (0x11003, 0x11037), (0x11052, 0x1106f),
    (0x11071, 0x11072), (0x11075, 0x11075), (0x11083, 0x110af), (0x110d0, 0x110e8), (0x110f0, 0x110f9), (0x11103, 0x11126),
    (0x11136, 0x1113f), (0x11144, 0x11144), (0x11147, 0x11147), (0x11150, 0x11172), (0x11176, 0x11176), (0x11183, 0x111b2),
    (0x111c1, 0x111c4), (0x111d0, 0x111da), (0x111dc, 0x111dc), (0x111e1, 0x111f4), (0x11200, 0x11211), (0x11213, 0x1122b),
    (0x1123f, 0x11240), (0x11280, 0x11286), (0x11288, 0x11288), (0x1128a, 0x1128d), (0x1128f, 0x1129d), (0x1129f, 0x112a8),
    (0x112b0, 0x112de), (0x112f0, 0x112f9), (0x11305, 0x1130c), (0x1130f, 0x11310), (0x11313, 0x11328), (0x1132a, 0x11330),
    (0x11332, 0x11333), (0x11335, 0x11339), (0x1133d, 0x1133d), (0x11350, 0x11350), (0x1135d, 0x11361), (0x11380, 0x11389),
    (0x1138b, 0x1138b), (0x1138e, 0x1138e), (0x11390, 0x113b5), (0x113b7, 0x113b7), (0x113d1, 0x113d1), (0x113d3, 0x113d3),
    (0x11400, 0x11434), (0x11447, 0x1144a), (0x11450, 0x11459), (0x1145f, 0x11461), (0x11480, 0x114af), (0x114c4, 0x114c5),
    (0x114c7, 0x114c7), (0x114d0, 0x114d9), (0x11580, 0x115ae), (0x115d8, 0x115db), (0x11600, 0x1162f), (0x11644, 0x11644),
    (0x11650, 0x11659), (0x11680, 0x116aa), (0x116b8, 0x116b8), (0x116c0, 0x116c9), (0x116d0, 0x116e3), (0x11700, 0x1171a),
    (0x11730, 0x1173b), (0x11740, 0x11746), (0x11800, 0x1182b), (0x118a0, 0x118f2), (0x118ff, 0x11906), (0x11909, 0x11909),
    (0x1190c, 0x11913), (0x11915, 0x11916), (0x11918, 0x1192f), (0x1193f, 0x1193f), (0x11941, 0x11941), (0x11950, 0x11959),
    (0x119a0, 0x119a7), (0x119aa, 0x119d0), (0x119e1, 0x119e1), (0x119e3, 0x119e3), (0x11a00, 0x11a00), (0x11a0b, 0x11a32),
    (0x11a3a, 0x11a3a), (0x11a50, 0x11a50), (0x11a5c, 0x11a89), (0x11a9d, 0x11a9d), (0x11ab0, 0x11af8), (0x11bc0, 0x11be0),
    (0x11bf0, 0x11bf9), (0x11c00, 0x11c08), (0x11c0a, 0x11c2e), (0x11c40, 0x11c40), (0x11c50, 0x11c6c), (0x11c72, 0x11c8f),
    (0x11d00, 0x11d06), (0x11d08, 0x11d09), (0x11d0b, 0x11d30), (0x11d46, 0x11d46), (0x11d50, 0x11d59), (0x11d60, 0x11d65),
    (0x11d67, 0x11d68), (0x11d6a, 0x11d89), (0x11d98, 0x11d98), (0x11da0, 0x11da9), (0x11ee0, 0x11ef2), (0x11f02, 0x11f02),
    (0x11f04, 0x11f10), (0x11f12, 0x11f33), (0x11f50, 0x11f59), (0x11fb0, 0x11fb0), (0x11fc0, 0x11fd4), (0x12000, 0x12399),
    (0x12400, 0x1246e), (0x12480, 0x12543), (0x12f90, 0x12ff0), (0x13000, 0x1342f), (0x13441, 0x13446), (0x13460, 0x143fa),
    (0x14400, 0x14646), (0x16100, 0x1611d), (0x16130, 0x16139), (0x16800, 0x16a38), (0x16a40, 0x16a5e), (0x16a60, 0x16a69),
    (0x16a70, 0x16abe), (0x16ac0, 0x16ac9), (0x16ad0, 0x16aed), (0x16b00, 0x16b2f), (0x16b40, 0x16b43), (0x16b50, 0x16b59),
    (0x16b5b, 0x16b61), (0x16b63, 0x16b77), (0x16b7d, 0x16b8f), (0x16d40, 0x16d6c), (0x16d70, 0x16d79), (0x16e40, 0x16e96),
    (0x16f00, 0x16f4a), (0x16f50, 0x16f50), (0x16f93, 0x16f9f), (0x16fe0, 0x16fe1), (0x16fe3, 0x16fe3), (0x17000, 0x187f7),
    (0x18800, 0x18cd5), (0x18cff, 0x18d08), (0x1aff0, 0x1aff3), (0x1aff5, 0x1affb), (0x1affd, 0x1affe), (0x1b000, 0x1b122),
    (0x1b132, 0x1b132), (0x1b150, 0x1b152), (0x1b155, 0x1b155), (0x1b164, 0x1b167), (0x1b170, 0x1b2fb), (0x1bc00, 0x1bc6a),
    (0x1bc70, 0x1bc7c), (0x1bc80, 0x1bc88), (0x1bc90, 0x1bc99), (0x1ccf0, 0x1ccf9), (0x1d2c0, 0x1d2d3), (0x1d2e0, 0x1d2f3),
    (0x1d360, 0x1d378), (0x1d400, 0x1d454), (0x1d456, 0x1d49c), (0x1d49e, 0x1d49f), (0x1d4a2, 0x1d4a2), (0x1d4a5, 0x1d4a6),
    (0x1d4a9, 0x1d4ac), (0x1d4ae, 0x1d4b9), (0x1d4bb, 0x1d4bb), (0x1d4bd, 0x1d4c3), (0x1d4c5, 0x1d505), (0x1d507, 0x1d50a),
    (0x1d50d, 0x1d514), (0x1d516, 0x1d51c), (0x1d51e, 0x1d539), (0x1d53b, 0x1d53e), (0x1d540, 0x1d544), (0x1d546, 0x1d546),
    (0x1d54a, 0x1d550), (0x1d552, 0x1d6a5), (0x1d6a8, 0x1d6c0), (0x1d6c2, 0x1d6da), (0x1d6dc, 0x1d6fa), (0x1d6fc, 0x1d714),
    (0x1d716, 0x1d734), (0x1d736, 0x1d74e), (0x1d750, 0x1d76e), (0x1d770, 0x1d788), (0x1d78a, 0x1d7a8), (0x1d7aa, 0x1d7c2),
    (0x1d7c4, 0x1d7cb), (0x1d7ce, 0x1d7ff), (0x1df00, 0x1df1e), (0x1df25, 0x1df2a), (0x1e030, 0x1e06d), (0x1e100, 0x1e12c),
    (0x1e137, 0x1e13d), (0x1e140, 0x1e149), (0x1e14e, 0x1e14e), (0x1e290, 0x1e2ad), (0x1e2c0, 0x1e2eb), (0x1e2f0, 0x1e2f9),
    (0x1e4d0, 0x1e4eb), (0x1e4f0, 0x1e4f9), (0x1e5d0, 0x1e5ed), (0x1e5f0, 0x1e5fa), (0x1e7e0, 0x1e7e6), (0x1e7e8, 0x1e7eb),
    (0x1e7ed, 0x1e7ee), (0x1e7f0, 0x1e7fe), (0x1e800, 0x1e8c4), (0x1e8c7, 0x1e8cf), (0x1e900, 0x1e943), (0x1e94b, 0x1e94b),
    (0x1e950, 0x1e959), (0x1ec71, 0x1ecab), (0x1ecad, 0x1ecaf), (0x1ecb1, 0x1ecb4), (0x1ed01, 0x1ed2d), (0x1ed2f, 0x1ed3d),
    (0x1ee00, 0x1ee03), (0x1ee05, 0x1ee1f), (0x1ee21, 0x1ee22), (0x1ee24, 0x1ee24), (0x1ee27, 0x1ee27), (0x1ee29, 0x1ee32),
    (0x1ee34, 0x1ee37), (0x1ee39, 0x1ee39), (0x1ee3b, 0x1ee3b), (0x1ee42, 0x1ee42), (0x1ee47, 0x1ee47), (0x1ee49, 0x1ee49),
    (0x1ee4b, 0x1ee4b), (0x1ee4d, 0x1ee4f), (0x1ee51, 0x1ee52), (0x1ee54, 0x1ee54), (0x1ee57, 0x1ee57), (0x1ee59, 0x1ee59),
    (0x1ee5b, 0x1ee5b), (0x1ee5d, 0x1ee5d), (0x1ee5f, 0x1ee5f), (0x1ee61, 0x1ee62), (0x1ee64, 0x1ee64), (0x1ee67, 0x1ee6a),
    (0x1ee6c, 0x1ee72), (0x1ee74, 0x1ee77), (0x1ee79, 0x1ee7c), (0x1ee7e, 0x1ee7e), (0x1ee80, 0x1ee89), (0x1ee8b, 0x1ee9b),
    (0x1eea1, 0x1eea3), (0x1eea5, 0x1eea9), (0x1eeab, 0x1eebb), (0x1f100, 0x1f10c), (0x1fbf0, 0x1fbf9), (0x20000, 0x2a6df),
    (0x2a700, 0x2b739), (0x2b740, 0x2b81d), (0x2b820, 0x2cea1), (0x2ceb0, 0x2ebe0), (0x2ebf0, 0x2ee5d), (0x2f800, 0x2fa1d),
    (0x30000, 0x3134a), (0x31350, 0x323af),
];

/// str.isspace code points (Zs/Zl/Zp or bidi WS/B/S).
#[rustfmt::skip]
pub static SPACE: &[(u32, u32)] = &[
    (0x9, 0xd), (0x1c, 0x20), (0x85, 0x85), (0xa0, 0xa0), (0x1680, 0x1680), (0x2000, 0x200a),
    (0x2028, 0x2029), (0x202f, 0x202f), (0x205f, 0x205f), (0x3000, 0x3000),
];

/// Uppercase code points (Lu + Other_Uppercase).
#[rustfmt::skip]
pub static UPPER: &[(u32, u32)] = &[
    (0x41, 0x5a), (0xc0, 0xd6), (0xd8, 0xde), (0x100, 0x100), (0x102, 0x102), (0x104, 0x104),
    (0x106, 0x106), (0x108, 0x108), (0x10a, 0x10a), (0x10c, 0x10c), (0x10e, 0x10e), (0x110, 0x110),
    (0x112, 0x112), (0x114, 0x114), (0x116, 0x116), (0x118, 0x118), (0x11a, 0x11a), (0x11c, 0x11c),
    (0x11e, 0x11e), (0x120, 0x120), (0x122, 0x122), (0x124, 0x124), (0x126, 0x126), (0x128, 0x128),
    (0x12a, 0x12a), (0x12c, 0x12c), (0x12e, 0x12e), (0x130, 0x130), (0x132, 0x132), (0x134, 0x134),
    (0x136, 0x136), (0x139, 0x139), (0x13b, 0x13b), (0x13d, 0x13d), (0x13f, 0x13f), (0x141, 0x141),
    (0x143, 0x143), (0x145, 0x145), (0x147, 0x147), (0x14a, 0x14a), (0x14c, 0x14c), (0x14e, 0x14e),
    (0x150, 0x150), (0x152, 0x152), (0x154, 0x154), (0x156, 0x156), (0x158, 0x158), (0x15a, 0x15a),
    (0x15c, 0x15c), (0x15e, 0x15e), (0x160, 0x160), (0x162, 0x162), (0x164, 0x164), (0x166, 0x166),
    (0x168, 0x168), (0x16a, 0x16a), (0x16c, 0x16c), (0x16e, 0x16e), (0x170, 0x170), (0x172, 0x172),
    (0x174, 0x174), (0x176, 0x176), (0x178, 0x179), (0x17b, 0x17b), (0x17d, 0x17d), (0x181, 0x182),
    (0x184, 0x184), (0x186, 0x187), (0x189, 0x18b), (0x18e, 0x191), (0x193, 0x194), (0x196, 0x198),
    (0x19c, 0x19d), (0x19f, 0x1a0), (0x1a2, 0x1a2), (0x1a4, 0x1a4), (0x1a6, 0x1a7), (0x1a9, 0x1a9),
    (0x1ac, 0x1ac), (0x1ae, 0x1af), (0x1b1, 0x1b3), (0x1b5, 0x1b5), (0x1b7, 0x1b8), (0x1bc, 0x1bc),
    (0x1c4, 0x1c4), (0x1c7, 0x1c7), (0x1ca, 0x1ca), (0x1cd, 0x1cd), (0x1cf, 0x1cf), (0x1d1, 0x1d1),
    (0x1d3, 0x1d3), (0x1d5, 0x1d5), (0x1d7, 0x1d7), (0x1d9, 0x1d9), (0x1db, 0x1db), (0x1de, 0x1de),
    (0x1e0, 0x1e0), (0x1e2, 0x1e2), (0x1e4, 0x1e4), (0x1e6, 0x1e6), (0x1e8, 0x1e8), (0x1ea, 0x1ea),
    (0x1ec, 0x1ec), (0x1ee, 0x1ee), (0x1f1, 0x1f1), (0x1f4, 0x1f4), (0x1f6, 0x1f8), (0x1fa, 0x1fa),
    (0x1fc, 0x1fc), (0x1fe, 0x1fe), (0x200, 0x200), (0x202, 0x202), (0x204, 0x204), (0x206, 0x206),
    (0x208, 0x208), (0x20a, 0x20a), (0x20c, 0x20c), (0x20e, 0x20e), (0x210, 0x210), (0x212, 0x212),
    (0x214, 0x214), (0x216, 0x216), (0x218, 0x218), (0x21a, 0x21a), (0x21c, 0x21c), (0x21e, 0x21e),
    (0x220, 0x220), (0x222, 0x222), (0x224, 0x224), (0x226, 0x226), (0x228, 0x228), (0x22a, 0x22a),
    (0x22c, 0x22c), (0x22e, 0x22e), (0x230, 0x230), (0x232, 0x232), (0x23a, 0x23b), (0x23d, 0x23e),
    (0x241, 0x241), (0x243, 0x246), (0x248, 0x248), (0x24a, 0x24a), (0x24c, 0x24c), (0x24e, 0x24e),
    (0x370, 0x370), (0x372, 0x372), (0x376, 0x376), (0x37f, 0x37f), (0x386, 0x386), (0x388, 0x38a),
    (0x38c, 0x38c), (0x38e, 0x38f), (0x391, 0x3a1), (0x3a3, 0x3ab), (0x3cf, 0x3cf), (0x3d2, 0x3d4),
    (0x3d8, 0x3d8), (0x3da, 0x3da), (0x3dc, 0x3dc), (0x3de, 0x3de), (0x3e0, 0x3e0), (0x3e2, 0x3e2),
    (0x3e4, 0x3e4), (0x3e6, 0x3e6), (0x3e8, 0x3e8), (0x3ea, 0x3ea), (0x3ec, 0x3ec), (0x3ee, 0x3ee),
    (0x3f4, 0x3f4), (0x3f7, 0x3f7), (0x3f9, 0x3fa), (0x3fd, 0x42f), (0x460, 0x460), (0x462, 0x462),
    (0x464, 0x464), (0x466, 0x466), (0x468, 0x468), (0x46a, 0x46a), (0x46c, 0x46c), (0x46e, 0x46e),
    (0x470, 0x470), (0x472, 0x472), (0x474, 0x474), (0x476, 0x476), (0x478, 0x478), (0x47a, 0x47a),
    (0x47c, 0x47c), (0x47e, 0x47e), (0x480, 0x480), (0x48a, 0x48a), (0x48c, 0x48c), (0x48e, 0x48e),
    (0x490, 0x490), (0x492, 0x492), (0x494, 0x494), (0x496, 0x496), (0x498, 0x498), (0x49a, 0x49a),
    (0x49c, 0x49c), (0x49e, 0x49e), (0x4a0, 0x4a0), (0x4a2, 0x4a2), (0x4a4, 0x4a4), (0x4a6, 0x4a6),
    (0x4a8, 0x4a8), (0x4aa, 0x4aa), (0x4ac, 0x4ac), (0x4ae, 0x4ae), (0x4b0, 0x4b0), (0x4b2, 0x4b2),
    (0x4b4, 0x4b4), (0x4b6, 0x4b6), (0x4b8, 0x4b8), (0x4ba, 0x4ba), (0x4bc, 0x4bc), (0x4be, 0x4be),
    (0x4c0, 0x4c1), (0x4c3, 0x4c3), (0x4c5, 0x4c5), (0x4c7, 0x4c7), (0x4c9, 0x4c9), (0x4cb, 0x4cb),
    (0x4cd, 0x4cd), (0x4d0, 0x4d0), (0x4d2, 0x4d2), (0x4d4, 0x4d4), (0x4d6, 0x4d6), (0x4d8, 0x4d8),
    (0x4da, 0x4da), (0x4dc, 0x4dc), (0x4de, 0x4de), (0x4e0, 0x4e0), (0x4e2, 0x4e2), (0x4e4, 0x4e4),
    (0x4e6, 0x4e6), (0x4e8, 0x4e8), (0x4ea, 0x4ea), (0x4ec, 0x4ec), (0x4ee, 0x4ee), (0x4f0, 0x4f0),
    (0x4f2, 0x4f2), (0x4f4, 0x4f4), (0x4f6, 0x4f6), (0x4f8, 0x4f8), (0x4fa, 0x4fa), (0x4fc, 0x4fc),
    (0x4fe, 0x4fe), (0x500, 0x500), (0x502, 0x502), (0x504, 0x504), (0x506, 0x506), (0x508, 0x508),
    (0x50a, 0x50a), (0x50c, 0x50c), (0x50e, 0x50e), (0x510, 0x510), (0x512, 0x512), (0x514, 0x514),
    (0x516, 0x516), (0x518, 0x518), (0x51a, 0x51a), (0x51c, 0x51c), (0x51e, 0x51e), (0x520, 0x520),
    (0x522, 0x522), (0x524, 0x524), (0x526, 0x526), (0x528, 0x528), (0x52a, 0x52a), (0x52c, 0x52c),
    (0x52e, 0x52e), (0x531, 0x556), (0x10a0, 0x10c5), (0x10c7, 0x10c7), (0x10cd, 0x10cd), (0x13a0, 0x13f5),
    (0x1c89, 0x1c89), (0x1c90, 0x1cba), (0x1cbd, 0x1cbf), (0x1e00, 0x1e00), (0x1e02, 0x1e02), (0x1e04, 0x1e04),
    (0x1e06, 0x1e06), (0x1e08, 0x1e08), (0x1e0a, 0x1e0a), (0x1e0c, 0x1e0c), (0x1e0e, 0x1e0e), (0x1e10, 0x1e10),
    (0x1e12, 0x1e12), (0x1e14, 0x1e14), (0x1e16, 0x1e16), (0x1e18, 0x1e18), (0x1e1a, 0x1e1a), (0x1e1c, 0x1e1c),
    (0x1e1e, 0x1e1e), (0x1e20, 0x1e20), (0x1e22, 0x1e22), (0x1e24, 0x1e24), (0x1e26, 0x1e26), (0x1e28, 0x1e28),
    (0x1e2a, 0x1e2a), (0x1e2c, 0x1e2c), (0x1e2e, 0x1e2e), (0x1e30, 0x1e30), (0x1e32, 0x1e32), (0x1e34, 0x1e34),
    (0x1e36, 0x1e36), (0x1e38, 0x1e38), (0x1e3a, 0x1e3a), (0x1e3c, 0x1e3c), (0x1e3e, 0x1e3e), (0x1e40, 0x1e40),
    (0x1e42, 0x1e42), (0x1e44, 0x1e44), (0x1e46, 0x1e46), (0x1e48, 0x1e48), (0x1e4a, 0x1e4a), (0x1e4c, 0x1e4c),
    (0x1e4e, 0x1e4e), (0x1e50, 0x1e50), (0x1e52, 0x1e52), (0x1e54, 0x1e54), (0x1e56, 0x1e56), (0x1e58, 0x1e58),
    (0x1e5a, 0x1e5a), (0x1e5c, 0x1e5c), (0x1e5e, 0x1e5e), (0x1e60, 0x1e60), (0x1e62, 0x1e62), (0x1e64, 0x1e64),
    (0x1e66, 0x1e66), (0x1e68, 0x1e68), (0x1e6a, 0x1e6a), (0x1e6c, 0x1e6c), (0x1e6e, 0x1e6e), (0x1e70, 0x1e70),
    (0x1e72, 0x1e72), (0x1e74, 0x1e74), (0x1e76, 0x1e76), (0x1e78, 0x1e78), (0x1e7a, 0x1e7a), (0x1e7c, 0x1e7c),
    (0x1e7e, 0x1e7e), (0x1e80, 0x1e80), (0x1e82, 0x1e82), (0x1e84, 0x1e84), (0x1e86, 0x1e86), (0x1e88, 0x1e88),
    (0x1e8a, 0x1e8a), (0x1e8c, 0x1e8c), (0x1e8e, 0x1e8e), (0x1e90, 0x1e90), (0x1e92, 0x1e92), (0x1e94, 0x1e94),
    (0x1e9e, 0x1e9e), (0x1ea0, 0x1ea0), (0x1ea2, 0x1ea2), (0x1ea4, 0x1ea4), (0x1ea6, 0x1ea6), (0x1ea8, 0x1ea8),
    (0x1eaa, 0x1eaa), (0x1eac, 0x1eac), (0x1eae, 0x1eae), (0x1eb0, 0x1eb0), (0x1eb2, 0x1eb2), (0x1eb4, 0x1eb4),
    (0x1eb6, 0x1eb6), (0x1eb8, 0x1eb8), (0x1eba, 0x1eba), (0x1ebc, 0x1ebc), (0x1ebe, 0x1ebe), (0x1ec0, 0x1ec0),
    (0x1ec2, 0x1ec2), (0x1ec4, 0x1ec4), (0x1ec6, 0x1ec6), (0x1ec8, 0x1ec8), (0x1eca, 0x1eca), (0x1ecc, 0x1ecc),
    (0x1ece, 0x1ece), (0x1ed0, 0x1ed0), (0x1ed2, 0x1ed2), (0x1ed4, 0x1ed4), (0x1ed6, 0x1ed6), (0x1ed8, 0x1ed8),
    (0x1eda, 0x1eda), (0x1edc, 0x1edc), (0x1ede, 0x1ede), (0x1ee0, 0x1ee0), (0x1ee2, 0x1ee2), (0x1ee4, 0x1ee4),
    (0x1ee6, 0x1ee6), (0x1ee8, 0x1ee8), (0x1eea, 0x1eea), (0x1eec, 0x1eec), (0x1eee, 0x1eee), (0x1ef0, 0x1ef0),
    (0x1ef2, 0x1ef2), (0x1ef4, 0x1ef4), (0x1ef6, 0x1ef6), (0x1ef8, 0x1ef8), (0x1efa, 0x1efa), (0x1efc, 0x1efc),
    (0x1efe, 0x1efe), (0x1f08, 0x1f0f), (0x1f18, 0x1f1d), (0x1f28, 0x1f2f), (0x1f38, 0x1f3f), (0x1f48, 0x1f4d),
    (0x1f59, 0x1f59), (0x1f5b, 0x1f5b), (0x1f5d, 0x1f5d), (0x1f5f, 0x1f5f), (0x1f68, 0x1f6f), (0x1fb8, 0x1fbb),
    (0x1fc8, 0x1fcb), (0x1fd8, 0x1fdb), (0x1fe8, 0x1fec), (0x1ff8, 0x1ffb), (0x2102, 0x2102), (0x2107, 0x2107),
    (0x210b, 0x210d), (0x2110, 0x2112), (0x2115, 0x2115), (0x2119, 0x211d), (0x2124, 0x2124), (0x2126, 0x2126),
    (0x2128, 0x2128), (0x212a, 0x212d), (0x2130, 0x2133), (0x213e, 0x213f), (0x2145, 0x2145), (0x2160, 0x216f),
    (0x2183, 0x2183), (0x24b6, 0x24cf), (0x2c00, 0x2c2f), (0x2c60, 0x2c60), (0x2c62, 0x2c64), (0x2c67, 0x2c67),
    (0x2c69, 0x2c69), (0x2c6b, 0x2c6b), (0x2c6d, 0x2c70), (0x2c72, 0x2c72), (0x2c75, 0x2c75), (0x2c7e, 0x2c80),
    (0x2c82, 0x2c82), (0x2c84, 0x2c84), (0x2c86, 0x2c86), (0x2c88, 0x2c88), (0x2c8a, 0x2c8a), (0x2c8c, 0x2c8c),
    (0x2c8e, 0x2c8e), (0x2c90, 0x2c90), (0x2c92, 0x2c92), (0x2c94, 0x2c94), (0x2c96, 0x2c96), (0x2c98, 0x2c98),
    (0x2c9a, 0x2c9a), (0x2c9c, 0x2c9c), (0x2c9e, 0x2c9e), (0x2ca0, 0x2ca0), (0x2ca2, 0x2ca2), (0x2ca4, 0x2ca4),
    (0x2ca6, 0x2ca6), (0x2ca8, 0x2ca8), (0x2caa, 0x2caa), (0x2cac, 0x2cac), (0x2cae, 0x2cae), (0x2cb0, 0x2cb0),
    (0x2cb2, 0x2cb2), (0x2cb4, 0x2cb4), (0x2cb6, 0x2cb6), (0x2cb8, 0x2cb8), (0x2cba, 0x2cba), (0x2cbc, 0x2cbc),
    (0x2cbe, 0x2cbe), (0x2cc0, 0x2cc0), (0x2cc2, 0x2cc2), (0x2cc4, 0x2cc4), (0x2cc6, 0x2cc6), (0x2cc8, 0x2cc8),
    (0x2cca, 0x2cca), (0x2ccc, 0x2ccc), (0x2cce, 0x2cce), (0x2cd0, 0x2cd0), (0x2cd2, 0x2cd2), (0x2cd4, 0x2cd4),
    (0x2cd6, 0x2cd6), (0x2cd8, 0x2cd8), (0x2cda, 0x2cda), (0x2cdc, 0x2cdc), (0x2cde, 0x2cde), (0x2ce0, 0x2ce0),
    (0x2ce2, 0x2ce2), (0x2ceb, 0x2ceb), (0x2ced, 0x2ced), (0x2cf2, 0x2cf2), (0xa640, 0xa640), (0xa642, 0xa642),
    (0xa644, 0xa644), (0xa646, 0xa646), (0xa648, 0xa648), (0xa64a, 0xa64a), (0xa64c, 0xa64c), (0xa64e, 0xa64e),
    (0xa650, 0xa650), (0xa652, 0xa652), (0xa654, 0xa654), (0xa656, 0xa656), (0xa658, 0xa658), (0xa65a, 0xa65a),
    (0xa65c, 0xa65c), (0xa65e, 0xa65e), (0xa660, 0xa660), (0xa662, 0xa662), (0xa664, 0xa664), (0xa666, 0xa666),
    (0xa668, 0xa668), (0xa66a, 0xa66a), (0xa66c, 0xa66c), (0xa680, 0xa680), (0xa682, 0xa682), (0xa684, 0xa684),
    (0xa686, 0xa686), (0xa688, 0xa688), (0xa68a, 0xa68a), (0xa68c, 0xa68c), (0xa68e, 0xa68e), (0xa690, 0xa690),
    (0xa692, 0xa692), (0xa694, 0xa694), (0xa696, 0xa696), (0xa698, 0xa698), (0xa69a, 0xa69a), (0xa722, 0xa722),
    (0xa724, 0xa724), (0xa726, 0xa726), (0xa728, 0xa728), (0xa72a, 0xa72a), (0xa72c, 0xa72c), (0xa72e, 0xa72e),
    (0xa732, 0xa732), (0xa734, 0xa734), (0xa736, 0xa736), (0xa738, 0xa738), (0xa73a, 0xa73a), (0xa73c, 0xa73c),
    (0xa73e, 0xa73e), (0xa740, 0xa740), (0xa742, 0xa742), (0xa744, 0xa744), (0xa746, 0xa746), (0xa748, 0xa748),
    (0xa74a, 0xa74a), (0xa74c, 0xa74c), (0xa74e, 0xa74e), (0xa750, 0xa750), (0xa752, 0xa752), (0xa754, 0xa754),
    (0xa756, 0xa756), (0xa758, 0xa758), (0xa75a, 0xa75a), (0xa75c, 0xa75c), (0xa75e, 0xa75e), (0xa760, 0xa760),
    (0xa762, 0xa762), (0xa764, 0xa764), (0xa766, 0xa766), (0xa768, 0xa768), (0xa76a, 0xa76a), (0xa76c, 0xa76c),
    (0xa76e, 0xa76e), (0xa779, 0xa779), (0xa77b, 0xa77b), (0xa77d, 0xa77e), (0xa780, 0xa780), (0xa782, 0xa782),
    (0xa784, 0xa784), (0xa786, 0xa786), (0xa78b, 0xa78b), (0xa78d, 0xa78d), (0xa790, 0xa790), (0xa792, 0xa792),
    (0xa796, 0xa796), (0xa798, 0xa798), (0xa79a, 0xa79a), (0xa79c, 0xa79c), (0xa79e, 0xa79e), (0xa7a0, 0xa7a0),
    (0xa7a2, 0xa7a2), (0xa7a4, 0xa7a4), (0xa7a6, 0xa7a6), (0xa7a8, 0xa7a8), (0xa7aa, 0xa7ae), (0xa7b0, 0xa7b4),
    (0xa7b6, 0xa7b6), (0xa7b8, 0xa7b8), (0xa7ba, 0xa7ba), (0xa7bc, 0xa7bc), (0xa7be, 0xa7be), (0xa7c0, 0xa7c0),
    (0xa7c2, 0xa7c2), (0xa7c4, 0xa7c7), (0xa7c9, 0xa7c9), (0xa7cb, 0xa7cc), (0xa7d0, 0xa7d0), (0xa7d6, 0xa7d6),
    (0xa7d8, 0xa7d8), (0xa7da, 0xa7da), (0xa7dc, 0xa7dc), (0xa7f5, 0xa7f5), (0xff21, 0xff3a), (0x10400, 0x10427),
    (0x104b0, 0x104d3), (0x10570, 0x1057a), (0x1057c, 0x1058a), (0x1058c, 0x10592), (0x10594, 0x10595), (0x10c80, 0x10cb2),
    (0x10d50, 0x10d65), (0x118a0, 0x118bf), (0x16e40, 0x16e5f), (0x1d400, 0x1d419), (0x1d434, 0x1d44d), (0x1d468, 0x1d481),
    (0x1d49c, 0x1d49c), (0x1d49e, 0x1d49f), (0x1d4a2, 0x1d4a2), (0x1d4a5, 0x1d4a6), (0x1d4a9, 0x1d4ac), (0x1d4ae, 0x1d4b5),
    (0x1d4d0, 0x1d4e9), (0x1d504, 0x1d505), (0x1d507, 0x1d50a), (0x1d50d, 0x1d514), (0x1d516, 0x1d51c), (0x1d538, 0x1d539),
    (0x1d53b, 0x1d53e), (0x1d540, 0x1d544), (0x1d546, 0x1d546), (0x1d54a, 0x1d550), (0x1d56c, 0x1d585), (0x1d5a0, 0x1d5b9),
    (0x1d5d4, 0x1d5ed), (0x1d608, 0x1d621), (0x1d63c, 0x1d655), (0x1d670, 0x1d689), (0x1d6a8, 0x1d6c0), (0x1d6e2, 0x1d6fa),
    (0x1d71c, 0x1d734), (0x1d756, 0x1d76e), (0x1d790, 0x1d7a8), (0x1d7ca, 0x1d7ca), (0x1e900, 0x1e921), (0x1f130, 0x1f149),
    (0x1f150, 0x1f169), (0x1f170, 0x1f189),
];

/// Lowercase code points (Ll + Other_Lowercase).
#[rustfmt::skip]
pub static LOWER: &[(u32, u32)] = &[
    (0x61, 0x7a), (0xaa, 0xaa), (0xb5, 0xb5), (0xba, 0xba), (0xdf, 0xf6), (0xf8, 0xff),
    (0x101, 0x101), (0x103, 0x103), (0x105, 0x105), (0x107, 0x107), (0x109, 0x109), (0x10b, 0x10b),
    (0x10d, 0x10d), (0x10f, 0x10f), (0x111, 0x111), (0x113, 0x113), (0x115, 0x115), (0x117, 0x117),
    (0x119, 0x119), (0x11b, 0x11b), (0x11d, 0x11d), (0x11f, 0x11f), (0x121, 0x121), (0x123, 0x123),
    (0x125, 0x125), (0x127, 0x127), (0x129, 0x129), (0x12b, 0x12b), (0x12d, 0x12d), (0x12f, 0x12f),
    (0x131, 0x131), (0x133, 0x133), (0x135, 0x135), (0x137, 0x138), (0x13a, 0x13a), (0x13c, 0x13c),
    (0x13e, 0x13e), (0x140, 0x140), (0x142, 0x142), (0x144, 0x144), (0x146, 0x146), (0x148, 0x149),
    (0x14b, 0x14b), (0x14d, 0x14d), (0x14f, 0x14f), (0x151, 0x151), (0x153, 0x153), (0x155, 0x155),
    (0x157, 0x157), (0x159, 0x159), (0x15b, 0x15b), (0x15d, 0x15d), (0x15f, 0x15f), (0x161, 0x161),
    (0x163, 0x163), (0x165, 0x165), (0x167, 0x167), (0x169, 0x169), (0x16b, 0x16b), (0x16d, 0x16d),
    (0x16f, 0x16f), (0x171, 0x171), (0x173, 0x173), (0x175, 0x175), (0x177, 0x177), (0x17a, 0x17a),
    (0x17c, 0x17c), (0x17e, 0x180), (0x183, 0x183), (0x185, 0x185), (0x188, 0x188), (0x18c, 0x18d),
    (0x192, 0x192), (0x195, 0x195), (0x199, 0x19b), (0x19e, 0x19e), (0x1a1, 0x1a1), (0x1a3, 0x1a3),
    (0x1a5, 0x1a5), (0x1a8, 0x1a8), (0x1aa, 0x1ab), (0x1ad, 0x1ad), (0x1b0, 0x1b0), (0x1b4, 0x1b4),
    (0x1b6, 0x1b6), (0x1b9, 0x1ba), (0x1bd, 0x1bf), (0x1c6, 0x1c6), (0x1c9, 0x1c9), (0x1cc, 0x1cc),
    (0x1ce, 0x1ce), (0x1d0, 0x1d0), (0x1d2, 0x1d2), (0x1d4, 0x1d4), (0x1d6, 0x1d6), (0x1d8, 0x1d8),
    (0x1da, 0x1da), (0x1dc, 0x1dd), (0x1df, 0x1df), (0x1e1, 0x1e1), (0x1e3, 0x1e3), (0x1e5, 0x1e5),
    (0x1e7, 0x1e7), (0x1e9, 0x1e9), (0x1eb, 0x1eb), (0x1ed, 0x1ed), (0x1ef, 0x1f0), (0x1f3, 0x1f3),
    (0x1f5, 0x1f5), (0x1f9, 0x1f9), (0x1fb, 0x1fb), (0x1fd, 0x1fd), (0x1ff, 0x1ff), (0x201, 0x201),
    (0x203, 0x203), (0x205, 0x205), (0x207, 0x207), (0x209, 0x209), (0x20b, 0x20b), (0x20d, 0x20d),
    (0x20f, 0x20f), (0x211, 0x211), (0x213, 0x213), (0x215, 0x215), (0x217, 0x217), (0x219, 0x219),
    (0x21b, 0x21b), (0x21d, 0x21d), (0x21f, 0x21f), (0x221, 0x221), (0x223, 0x223), (0x225, 0x225),
    (0x227, 0x227), (0x229, 0x229), (0x22b, 0x22b), (0x22d, 0x22d), (0x22f, 0x22f), (0x231, 0x231),
    (0x233, 0x239), (0x23c, 0x23c), (0x23f, 0x240), (0x242, 0x242), (0x247, 0x247), (0x249, 0x249),
    (0x24b, 0x24b), (0x24d, 0x24d), (0x24f, 0x293), (0x295, 0x2b8), (0x2c0, 0x2c1), (0x2e0, 0x2e4),
    (0x345, 0x345), (0x371, 0x371), (0x373, 0x373), (0x377, 0x377), (0x37a, 0x37d), (0x390, 0x390),
    (0x3ac, 0x3ce), (0x3d0, 0x3d1), (0x3d5, 0x3d7), (0x3d9, 0x3d9), (0x3db, 0x3db), (0x3dd, 0x3dd),
    (0x3df, 0x3df), (0x3e1, 0x3e1), (0x3e3, 0x3e3), (0x3e5, 0x3e5), (0x3e7, 0x3e7), (0x3e9, 0x3e9),
    (0x3eb, 0x3eb), (0x3ed, 0x3ed), (0x3ef, 0x3f3), (0x3f5, 0x3f5), (0x3f8, 0x3f8), (0x3fb, 0x3fc),
    (0x430, 0x45f), (0x461, 0x461), (0x463, 0x463), (0x465, 0x465), (0x467, 0x467), (0x469, 0x469),
    (0x46b, 0x46b), (0x46d, 0x46d), (0x46f, 0x46f), (0x471, 0x471), (0x473, 0x473), (0x475, 0x475),
    (0x477, 0x477), (0x479, 0x479), (0x47b, 0x47b), (0x47d, 0x47d), (0x47f, 0x47f), (0x481, 0x481),
    (0x48b, 0x48b), (0x48d, 0x48d), (0x48f, 0x48f), (0x491, 0x491), (0x493, 0x493), (0x495, 0x495),
    (0x497, 0x497), (0x499, 0x499), (0x49b, 0x49b), (0x49d, 0x49d), (0x49f, 0x49f), (0x4a1, 0x4a1),
    (0x4a3, 0x4a3), (0x4a5, 0x4a5), (0x4a7, 0x4a7), (0x4a9, 0x4a9), (0x4ab, 0x4ab), (0x4ad, 0x4ad),
    (0x4af, 0x4af), (0x4b1, 0x4b1), (0x4b3, 0x4b3), (0x4b5, 0x4b5), (0x4b7, 0x4b7), (0x4b9, 0x4b9),
    (0x4bb, 0x4bb), (0x4bd, 0x4bd), (0x4bf, 0x4bf), (0x4c2, 0x4c2), (0x4c4, 0x4c4), (0x4c6, 0x4c6),
    (0x4c8, 0x4c8), (0x4ca, 0x4ca), (0x4cc, 0x4cc), (0x4ce, 0x4cf), (0x4d1, 0x4d1), (0x4d3, 0x4d3),
    (0x4d5, 0x4d5), (0x4d7, 0x4d7), (0x4d9, 0x4d9), (0x4db, 0x4db), (0x4dd, 0x4dd), (0x4df, 0x4df),
    (0x4e1, 0x4e1), (0x4e3, 0x4e3), (0x4e5, 0x4e5), (0x4e7, 0x4e7), (0x4e9, 0x4e9), (0x4eb, 0x4eb),
    (0x4ed, 0x4ed), (0x4ef, 0x4ef), (0x4f1, 0x4f1), (0x4f3, 0x4f3), (0x4f5, 0x4f5), (0x4f7, 0x4f7),
    (0x4f9, 0x4f9), (0x4fb, 0x4fb), (0x4fd, 0x4fd), (0x4ff, 0x4ff), (0x501, 0x501), (0x503, 0x503),
    (0x505, 0x505), (0x507, 0x507), (0x509, 0x509), (0x50b, 0x50b), (0x50d, 0x50d), (0x50f, 0x50f),
    (0x511, 0x511), (0x513, 0x513), (0x515, 0x515), (0x517, 0x517), (0x519, 0x519), (0x51b, 0x51b),
    (0x51d, 0x51d), (0x51f, 0x51f), (0x521, 0x521), (0x523, 0x523), (0x525, 0x525), (0x527, 0x527),
    (0x529, 0x529), (0x52b, 0x52b), (0x52d, 0x52d), (0x52f, 0x52f), (0x560, 0x588), (0x10d0, 0x10fa),
    (0x10fc, 0x10ff), (0x13f8, 0x13fd), (0x1c80, 0x1c88), (0x1c8a, 0x1c8a), (0x1d00, 0x1dbf), (0x1e01, 0x1e01),
    (0x1e03, 0x1e03), (0x1e05, 0x1e05), (0x1e07, 0x1e07), (0x1e09, 0x1e09), (0x1e0b, 0x1e0b), (0x1e0d, 0x1e0d),
    (0x1e0f, 0x1e0f), (0x1e11, 0x1e11), (0x1e13, 0x1e13), (0x1e15, 0x1e15), (0x1e17, 0x1e17), (0x1e19, 0x1e19),
    (0x1e1b, 0x1e1b), (0x1e1d, 0x1e1d), (0x1e1f, 0x1e1f), (0x1e21, 0x1e21), (0x1e23, 0x1e23), (0x1e25, 0x1e25),
    (0x1e27, 0x1e27), (0x1e29, 0x1e29), (0x1e2b, 0x1e2b), (0x1e2d, 0x1e2d), (0x1e2f, 0x1e2f), (0x1e31, 0x1e31),
    (0x1e33, 0x1e33), (0x1e35, 0x1e35), (0x1e37, 0x1e37), (0x1e39, 0x1e39), (0x1e3b, 0x1e3b), (0x1e3d, 0x1e3d),
    (0x1e3f, 0x1e3f), (0x1e41, 0x1e41), (0x1e43, 0x1e43), (0x1e45, 0x1e45), (0x1e47, 0x1e47), (0x1e49, 0x1e49),
    (0x1e4b, 0x1e4b), (0x1e4d, 0x1e4d), (0x1e4f, 0x1e4f), (0x1e51, 0x1e51), (0x1e53, 0x1e53), (0x1e55, 0x1e55),
    (0x1e57, 0x1e57), (0x1e59, 0x1e59), (0x1e5b, 0x1e5b), (0x1e5d, 0x1e5d), (0x1e5f, 0x1e5f), (0x1e61, 0x1e61),
    (0x1e63, 0x1e63), (0x1e65, 0x1e65), (0x1e67, 0x1e67), (0x1e69, 0x1e69), (0x1e6b, 0x1e6b), (0x1e6d, 0x1e6d),
    (0x1e6f, 0x1e6f), (0x1e71, 0x1e71), (0x1e73, 0x1e73), (0x1e75, 0x1e75), (0x1e77, 0x1e77), (0x1e79, 0x1e79),
    (0x1e7b, 0x1e7b), (0x1e7d, 0x1e7d), (0x1e7f, 0x1e7f), (0x1e81, 0x1e81), (0x1e83, 0x1e83), (0x1e85, 0x1e85),
    (0x1e87, 0x1e87), (0x1e89, 0x1e89), (0x1e8b, 0x1e8b), (0x1e8d, 0x1e8d), (0x1e8f, 0x1e8f), (0x1e91, 0x1e91),
    (0x1e93, 0x1e93), (0x1e95, 0x1e9d), (0x1e9f, 0x1e9f), (0x1ea1, 0x1ea1), (0x1ea3, 0x1ea3), (0x1ea5, 0x1ea5),
    (0x1ea7, 0x1ea7), (0x1ea9, 0x1ea9), (0x1eab, 0x1eab), (0x1ead, 0x1ead), (0x1eaf, 0x1eaf), (0x1eb1, 0x1eb1),
    (0x1eb3, 0x1eb3), (0x1eb5, 0x1eb5), (0x1eb7, 0x1eb7), (0x1eb9, 0x1eb9), (0x1ebb, 0x1ebb), (0x1ebd, 0x1ebd),
    (0x1ebf, 0x1ebf), (0x1ec1, 0x1ec1), (0x1ec3, 0x1ec3), (0x1ec5, 0x1ec5), (0x1ec7, 0x1ec7), (0x1ec9, 0x1ec9),
    (0x1ecb, 0x1ecb), (0x1ecd, 0x1ecd), (0x1ecf, 0x1ecf), (0x1ed1, 0x1ed1), (0x1ed3, 0x1ed3), (0x1ed5, 0x1ed5),
    (0x1ed7, 0x1ed7), (0x1ed9, 0x1ed9), (0x1edb, 0x1edb), (0x1edd, 0x1edd), (0x1edf, 0x1edf), (0x1ee1, 0x1ee1),
    (0x1ee3, 0x1ee3), (0x1ee5, 0x1ee5), (0x1ee7, 0x1ee7), (0x1ee9, 0x1ee9), (0x1eeb, 0x1eeb), (0x1eed, 0x1eed),
    (0x1eef, 0x1eef), (0x1ef1, 0x1ef1), (0x1ef3, 0x1ef3), (0x1ef5, 0x1ef5), (0x1ef7, 0x1ef7), (0x1ef9, 0x1ef9),
    (0x1efb, 0x1efb), (0x1efd, 0x1efd), (0x1eff, 0x1f07), (0x1f10, 0x1f15), (0x1f20, 0x1f27), (0x1f30, 0x1f37),
    (0x1f40, 0x1f45), (0x1f50, 0x1f57), (0x1f60, 0x1f67), (0x1f70, 0x1f7d), (0x1f80, 0x1f87), (0x1f90, 0x1f97),
    (0x1fa0, 0x1fa7), (0x1fb0, 0x1fb4), (0x1fb6, 0x1fb7), (0x1fbe, 0x1fbe), (0x1fc2, 0x1fc4), (0x1fc6, 0x1fc7),
    (0x1fd0, 0x1fd3), (0x1fd6, 0x1fd7), (0x1fe0, 0x1fe7), (0x1ff2, 0x1ff4), (0x1ff6, 0x1ff7), (0x2071, 0x2071),
    (0x207f, 0x207f), (0x2090, 0x209c), (0x210a, 0x210a), (0x210e, 0x210f), (0x2113, 0x2113), (0x212f, 0x212f),
    (0x2134, 0x2134), (0x2139, 0x2139), (0x213c, 0x213d), (0x2146, 0x2149), (0x214e, 0x214e), (0x2170, 0x217f),
    (0x2184, 0x2184), (0x24d0, 0x24e9), (0x2c30, 0x2c5f), (0x2c61, 0x2c61), (0x2c65, 0x2c66), (0x2c68, 0x2c68),
    (0x2c6a, 0x2c6a), (0x2c6c, 0x2c6c), (0x2c71, 0x2c71), (0x2c73, 0x2c74), (0x2c76, 0x2c7d), (0x2c81, 0x2c81),
    (0x2c83, 0x2c83), (0x2c85, 0x2c85), (0x2c87, 0x2c87), (0x2c89, 0x2c89), (0x2c8b, 0x2c8b), (0x2c8d, 0x2c8d),
    (0x2c8f, 0x2c8f), (0x2c91, 0x2c91), (0x2c93, 0x2c93), (0x2c95, 0x2c95), (0x2c97, 0x2c97), (0x2c99, 0x2c99),
    (0x2c9b, 0x2c9b), (0x2c9d, 0x2c9d), (0x2c9f, 0x2c9f), (0x2ca1, 0x2ca1), (0x2ca3, 0x2ca3), (0x2ca5, 0x2ca5),
    (0x2ca7, 0x2ca7), (0x2ca9, 0x2ca9), (0x2cab, 0x2cab), (0x2cad, 0x2cad), (0x2caf, 0x2caf), (0x2cb1, 0x2cb1),
    (0x2cb3, 0x2cb3), (0x2cb5, 0x2cb5), (0x2cb7, 0x2cb7), (0x2cb9, 0x2cb9), (0x2cbb, 0x2cbb), (0x2cbd, 0x2cbd),
    (0x2cbf, 0x2cbf), (0x2cc1, 0x2cc1), (0x2cc3, 0x2cc3), (0x2cc5, 0x2cc5), (0x2cc7, 0x2cc7), (0x2cc9, 0x2cc9),
    (0x2ccb, 0x2ccb), (0x2ccd, 0x2ccd), (0x2ccf, 0x2ccf), (0x2cd1, 0x2cd1), (0x2cd3, 0x2cd3), (0x2cd5, 0x2cd5),
    (0x2cd7, 0x2cd7), (0x2cd9, 0x2cd9), (0x2cdb, 0x2cdb), (0x2cdd, 0x2cdd), (0x2cdf, 0x2cdf), (0x2ce1, 0x2ce1),
    (0x2ce3, 0x2ce4), (0x2cec, 0x2cec), (0x2cee, 0x2cee), (0x2cf3, 0x2cf3), (0x2d00, 0x2d25), (0x2d27, 0x2d27),
    (0x2d2d, 0x2d2d), (0xa641, 0xa641), (0xa643, 0xa643), (0xa645, 0xa645), (0xa647, 0xa647), (0xa649, 0xa649),
    (0xa64b, 0xa64b), (0xa64d, 0xa64d), (0xa64f, 0xa64f), (0xa651, 0xa651), (0xa653, 0xa653), (0xa655, 0xa655),
    (0xa657, 0xa657), (0xa659, 0xa659), (0xa65b, 0xa65b), (0xa65d, 0xa65d), (0xa65f, 0xa65f), (0xa661, 0xa661),
    (0xa663, 0xa663), (0xa665, 0xa665), (0xa667, 0xa667), (0xa669, 0xa669), (0xa66b, 0xa66b), (0xa66d, 0xa66d),
    (0xa681, 0xa681), (0xa683, 0xa683), (0xa685, 0xa685), (0xa687, 0xa687), (0xa689, 0xa689), (0xa68b, 0xa68b),
    (0xa68d, 0xa68d), (0xa68f, 0xa68f), (0xa691, 0xa691), (0xa693, 0xa693), (0xa695, 0xa695), (0xa697, 0xa697),
    (0xa699, 0xa699), (0xa69b, 0xa69d), (0xa723, 0xa723), (0xa725, 0xa725), (0xa727, 0xa727), (0xa729, 0xa729),
    (0xa72b, 0xa72b), (0xa72d, 0xa72d), (0xa72f, 0xa731), (0xa733, 0xa733), (0xa735, 0xa735), (0xa737, 0xa737),
    (0xa739, 0xa739), (0xa73b, 0xa73b), (0xa73d, 0xa73d), (0xa73f, 0xa73f), (0xa741, 0xa741), (0xa743, 0xa743),
    (0xa745, 0xa745), (0xa747, 0xa747), (0xa749, 0xa749), (0xa74b, 0xa74b), (0xa74d, 0xa74d), (0xa74f, 0xa74f),
    (0xa751, 0xa751), (0xa753, 0xa753), (0xa755, 0xa755), (0xa757, 0xa757), (0xa759, 0xa759), (0xa75b, 0xa75b),
    (0xa75d, 0xa75d), (0xa75f, 0xa75f), (0xa761, 0xa761), (0xa763, 0xa763), (0xa765, 0xa765), (0xa767, 0xa767),
    (0xa769, 0xa769), (0xa76b, 0xa76b), (0xa76d, 0xa76d), (0xa76f, 0xa778), (0xa77a, 0xa77a), (0xa77c, 0xa77c),
    (0xa77f, 0xa77f), (0xa781, 0xa781), (0xa783, 0xa783), (0xa785, 0xa785), (0xa787, 0xa787), (0xa78c, 0xa78c),
    (0xa78e, 0xa78e), (0xa791, 0xa791), (0xa793, 0xa795), (0xa797, 0xa797), (0xa799, 0xa799), (0xa79b, 0xa79b),
    (0xa79d, 0xa79d), (0xa79f, 0xa79f), (0xa7a1, 0xa7a1), (0xa7a3, 0xa7a3), (0xa7a5, 0xa7a5), (0xa7a7, 0xa7a7),
    (0xa7a9, 0xa7a9), (0xa7af, 0xa7af), (0xa7b5, 0xa7b5), (0xa7b7, 0xa7b7), (0xa7b9, 0xa7b9), (0xa7bb, 0xa7bb),
    (0xa7bd, 0xa7bd), (0xa7bf, 0xa7bf), (0xa7c1, 0xa7c1), (0xa7c3, 0xa7c3), (0xa7c8, 0xa7c8), (0xa7ca, 0xa7ca),
    (0xa7cd, 0xa7cd), (0xa7d1, 0xa7d1), (0xa7d3, 0xa7d3), (0xa7d5, 0xa7d5), (0xa7d7, 0xa7d7), (0xa7d9, 0xa7d9),
    (0xa7db, 0xa7db), (0xa7f2, 0xa7f4), (0xa7f6, 0xa7f6), (0xa7f8, 0xa7fa), (0xab30, 0xab5a), (0xab5c, 0xab69),
    (0xab70, 0xabbf), (0xfb00, 0xfb06), (0xfb13, 0xfb17), (0xff41, 0xff5a), (0x10428, 0x1044f), (0x104d8, 0x104fb),
    (0x10597, 0x105a1), (0x105a3, 0x105b1), (0x105b3, 0x105b9), (0x105bb, 0x105bc), (0x10780, 0x10780), (0x10783, 0x10785),
    (0x10787, 0x107b0), (0x107b2, 0x107ba), (0x10cc0, 0x10cf2), (0x10d70, 0x10d85), (0x118c0, 0x118df), (0x16e60, 0x16e7f),
    (0x1d41a, 0x1d433), (0x1d44e, 0x1d454), (0x1d456, 0x1d467), (0x1d482, 0x1d49b), (0x1d4b6, 0x1d4b9), (0x1d4bb, 0x1d4bb),
    (0x1d4bd, 0x1d4c3), (0x1d4c5, 0x1d4cf), (0x1d4ea, 0x1d503), (0x1d51e, 0x1d537), (0x1d552, 0x1d56b), (0x1d586, 0x1d59f),
    (0x1d5ba, 0x1d5d3), (0x1d5ee, 0x1d607), (0x1d622, 0x1d63b), (0x1d656, 0x1d66f), (0x1d68a, 0x1d6a5), (0x1d6c2, 0x1d6da),
    (0x1d6dc, 0x1d6e1), (0x1d6fc, 0x1d714), (0x1d716, 0x1d71b), (0x1d736, 0x1d74e), (0x1d750, 0x1d755), (0x1d770, 0x1d788),
    (0x1d78a, 0x1d78f), (0x1d7aa, 0x1d7c2), (0x1d7c4, 0x1d7c9), (0x1d7cb, 0x1d7cb), (0x1df00, 0x1df09), (0x1df0b, 0x1df1e),
    (0x1df25, 0x1df2a), (0x1e030, 0x1e06d), (0x1e922, 0x1e943),
];

/// Cased code points (UPPER or LOWER or category Lt).
#[rustfmt::skip]
pub static CASED: &[(u32, u32)] = &[
    (0x41, 0x5a), (0x61, 0x7a), (0xaa, 0xaa), (0xb5, 0xb5), (0xba, 0xba), (0xc0, 0xd6),
    (0xd8, 0xf6), (0xf8, 0x1ba), (0x1bc, 0x1bf), (0x1c4, 0x293), (0x295, 0x2b8), (0x2c0, 0x2c1),
    (0x2e0, 0x2e4), (0x345, 0x345), (0x370, 0x373), (0x376, 0x377), (0x37a, 0x37d), (0x37f, 0x37f),
    (0x386, 0x386), (0x388, 0x38a), (0x38c, 0x38c), (0x38e, 0x3a1), (0x3a3, 0x3f5), (0x3f7, 0x481),
    (0x48a, 0x52f), (0x531, 0x556), (0x560, 0x588), (0x10a0, 0x10c5), (0x10c7, 0x10c7), (0x10cd, 0x10cd),
    (0x10d0, 0x10fa), (0x10fc, 0x10ff), (0x13a0, 0x13f5), (0x13f8, 0x13fd), (0x1c80, 0x1c8a), (0x1c90, 0x1cba),
    (0x1cbd, 0x1cbf), (0x1d00, 0x1dbf), (0x1e00, 0x1f15), (0x1f18, 0x1f1d), (0x1f20, 0x1f45), (0x1f48, 0x1f4d),
    (0x1f50, 0x1f57), (0x1f59, 0x1f59), (0x1f5b, 0x1f5b), (0x1f5d, 0x1f5d), (0x1f5f, 0x1f7d), (0x1f80, 0x1fb4),
    (0x1fb6, 0x1fbc), (0x1fbe, 0x1fbe), (0x1fc2, 0x1fc4), (0x1fc6, 0x1fcc), (0x1fd0, 0x1fd3), (0x1fd6, 0x1fdb),
    (0x1fe0, 0x1fec), (0x1ff2, 0x1ff4), (0x1ff6, 0x1ffc), (0x2071, 0x2071), (0x207f, 0x207f), (0x2090, 0x209c),
    (0x2102, 0x2102), (0x2107, 0x2107), (0x210a, 0x2113), (0x2115, 0x2115), (0x2119, 0x211d), (0x2124, 0x2124),
    (0x2126, 0x2126), (0x2128, 0x2128), (0x212a, 0x212d), (0x212f, 0x2134), (0x2139, 0x2139), (0x213c, 0x213f),
    (0x2145, 0x2149), (0x214e, 0x214e), (0x2160, 0x217f), (0x2183, 0x2184), (0x24b6, 0x24e9), (0x2c00, 0x2ce4),
    (0x2ceb, 0x2cee), (0x2cf2, 0x2cf3), (0x2d00, 0x2d25), (0x2d27, 0x2d27), (0x2d2d, 0x2d2d), (0xa640, 0xa66d),
    (0xa680, 0xa69d), (0xa722, 0xa787), (0xa78b, 0xa78e), (0xa790, 0xa7cd), (0xa7d0, 0xa7d1), (0xa7d3, 0xa7d3),
    (0xa7d5, 0xa7dc), (0xa7f2, 0xa7f6), (0xa7f8, 0xa7fa), (0xab30, 0xab5a), (0xab5c, 0xab69), (0xab70, 0xabbf),
    (0xfb00, 0xfb06), (0xfb13, 0xfb17), (0xff21, 0xff3a), (0xff41, 0xff5a), (0x10400, 0x1044f), (0x104b0, 0x104d3),
    (0x104d8, 0x104fb), (0x10570, 0x1057a), (0x1057c, 0x1058a), (0x1058c, 0x10592), (0x10594, 0x10595), (0x10597, 0x105a1),
    (0x105a3, 0x105b1), (0x105b3, 0x105b9), (0x105bb, 0x105bc), (0x10780, 0x10780), (0x10783, 0x10785), (0x10787, 0x107b0),
    (0x107b2, 0x107ba), (0x10c80, 0x10cb2), (0x10cc0, 0x10cf2), (0x10d50, 0x10d65), (0x10d70, 0x10d85), (0x118a0, 0x118df),
    (0x16e40, 0x16e7f), (0x1d400, 0x1d454), (0x1d456, 0x1d49c), (0x1d49e, 0x1d49f), (0x1d4a2, 0x1d4a2), (0x1d4a5, 0x1d4a6),
    (0x1d4a9, 0x1d4ac), (0x1d4ae, 0x1d4b9), (0x1d4bb, 0x1d4bb), (0x1d4bd, 0x1d4c3), (0x1d4c5, 0x1d505), (0x1d507, 0x1d50a),
    (0x1d50d, 0x1d514), (0x1d516, 0x1d51c), (0x1d51e, 0x1d539), (0x1d53b, 0x1d53e), (0x1d540, 0x1d544), (0x1d546, 0x1d546),
    (0x1d54a, 0x1d550), (0x1d552, 0x1d6a5), (0x1d6a8, 0x1d6c0), (0x1d6c2, 0x1d6da), (0x1d6dc, 0x1d6fa), (0x1d6fc, 0x1d714),
    (0x1d716, 0x1d734), (0x1d736, 0x1d74e), (0x1d750, 0x1d76e), (0x1d770, 0x1d788), (0x1d78a, 0x1d7a8), (0x1d7aa, 0x1d7c2),
    (0x1d7c4, 0x1d7cb), (0x1df00, 0x1df09), (0x1df0b, 0x1df1e), (0x1df25, 0x1df2a), (0x1e030, 0x1e06d), (0x1e900, 0x1e943),
    (0x1f130, 0x1f149), (0x1f150, 0x1f169), (0x1f170, 0x1f189),
];

/// Case_Ignorable code points (for the Final_Sigma context rule).
#[rustfmt::skip]
pub static CASE_IGNORABLE: &[(u32, u32)] = &[
    (0x27, 0x27), (0x2e, 0x2e), (0x3a, 0x3a), (0x5e, 0x5e), (0x60, 0x60), (0xa8, 0xa8),
    (0xad, 0xad), (0xaf, 0xaf), (0xb4, 0xb4), (0xb7, 0xb8), (0x2b0, 0x36f), (0x374, 0x375),
    (0x37a, 0x37a), (0x384, 0x385), (0x387, 0x387), (0x483, 0x489), (0x559, 0x559), (0x55f, 0x55f),
    (0x591, 0x5bd), (0x5bf, 0x5bf), (0x5c1, 0x5c2), (0x5c4, 0x5c5), (0x5c7, 0x5c7), (0x5f4, 0x5f4),
    (0x600, 0x605), (0x610, 0x61a), (0x61c, 0x61c), (0x640, 0x640), (0x64b, 0x65f), (0x670, 0x670),
    (0x6d6, 0x6dd), (0x6df, 0x6e8), (0x6ea, 0x6ed), (0x70f, 0x70f), (0x711, 0x711), (0x730, 0x74a),
    (0x7a6, 0x7b0), (0x7eb, 0x7f5), (0x7fa, 0x7fa), (0x7fd, 0x7fd), (0x816, 0x82d), (0x859, 0x85b),
    (0x888, 0x888), (0x890, 0x891), (0x897, 0x89f), (0x8c9, 0x902), (0x93a, 0x93a), (0x93c, 0x93c),
    (0x941, 0x948), (0x94d, 0x94d), (0x951, 0x957), (0x962, 0x963), (0x971, 0x971), (0x981, 0x981),
    (0x9bc, 0x9bc), (0x9c1, 0x9c4), (0x9cd, 0x9cd), (0x9e2, 0x9e3), (0x9fe, 0x9fe), (0xa01, 0xa02),
    (0xa3c, 0xa3c), (0xa41, 0xa42), (0xa47, 0xa48), (0xa4b, 0xa4d), (0xa51, 0xa51), (0xa70, 0xa71),
    (0xa75, 0xa75), (0xa81, 0xa82), (0xabc, 0xabc), (0xac1, 0xac5), (0xac7, 0xac8), (0xacd, 0xacd),
    (0xae2, 0xae3), (0xafa, 0xaff), (0xb01, 0xb01), (0xb3c, 0xb3c), (0xb3f, 0xb3f), (0xb41, 0xb44),
    (0xb4d, 0xb4d), (0xb55, 0xb56), (0xb62, 0xb63), (0xb82, 0xb82), (0xbc0, 0xbc0), (0xbcd, 0xbcd),
    (0xc00, 0xc00), (0xc04, 0xc04), (0xc3c, 0xc3c), (0xc3e, 0xc40), (0xc46, 0xc48), (0xc4a, 0xc4d),
    (0xc55, 0xc56), (0xc62, 0xc63), (0xc81, 0xc81), (0xcbc, 0xcbc), (0xcbf, 0xcbf), (0xcc6, 0xcc6),
    (0xccc, 0xccd), (0xce2, 0xce3), (0xd00, 0xd01), (0xd3b, 0xd3c), (0xd41, 0xd44), (0xd4d, 0xd4d),
    (0xd62, 0xd63), (0xd81, 0xd81), (0xdca, 0xdca), (0xdd2, 0xdd4), (0xdd6, 0xdd6), (0xe31, 0xe31),
    (0xe34, 0xe3a), (0xe46, 0xe4e), (0xeb1, 0xeb1), (0xeb4, 0xebc), (0xec6, 0xec6), (0xec8, 0xece),
    (0xf18, 0xf19), (0xf35, 0xf35), (0xf37, 0xf37), (0xf39, 0xf39), (0xf71, 0xf7e), (0xf80, 0xf84),
    (0xf86, 0xf87), (0xf8d, 0xf97), (0xf99, 0xfbc), (0xfc6, 0xfc6), (0x102d, 0x1030), (0x1032, 0x1037),
    (0x1039, 0x103a), (0x103d, 0x103e), (0x1058, 0x1059), (0x105e, 0x1060), (0x1071, 0x1074), (0x1082, 0x1082),
    (0x1085, 0x1086), (0x108d, 0x108d), (0x109d, 0x109d), (0x10fc, 0x10fc), (0x135d, 0x135f), (0x1712, 0x1714),
    (0x1732, 0x1733), (0x1752, 0x1753), (0x1772, 0x1773), (0x17b4, 0x17b5), (0x17b7, 0x17bd), (0x17c6, 0x17c6),
    (0x17c9, 0x17d3), (0x17d7, 0x17d7), (0x17dd, 0x17dd), (0x180b, 0x180f), (0x1843, 0x1843), (0x1885, 0x1886),
    (0x18a9, 0x18a9), (0x1920, 0x1922), (0x1927, 0x1928), (0x1932, 0x1932), (0x1939, 0x193b), (0x1a17, 0x1a18),
    (0x1a1b, 0x1a1b), (0x1a56, 0x1a56), (0x1a58, 0x1a5e), (0x1a60, 0x1a60), (0x1a62, 0x1a62), (0x1a65, 0x1a6c),
    (0x1a73, 0x1a7c), (0x1a7f, 0x1a7f), (0x1aa7, 0x1aa7), (0x1ab0, 0x1ace), (0x1b00, 0x1b03), (0x1b34, 0x1b34),
    (0x1b36, 0x1b3a), (0x1b3c, 0x1b3c), (0x1b42, 0x1b42), (0x1b6b, 0x1b73), (0x1b80, 0x1b81), (0x1ba2, 0x1ba5),
    (0x1ba8, 0x1ba9), (0x1bab, 0x1bad), (0x1be6, 0x1be6), (0x1be8, 0x1be9), (0x1bed, 0x1bed), (0x1bef, 0x1bf1),
    (0x1c2c, 0x1c33), (0x1c36, 0x1c37), (0x1c78, 0x1c7d), (0x1cd0, 0x1cd2), (0x1cd4, 0x1ce0), (0x1ce2, 0x1ce8),
    (0x1ced, 0x1ced), (0x1cf4, 0x1cf4), (0x1cf8, 0x1cf9), (0x1d2c, 0x1d6a), (0x1d78, 0x1d78), (0x1d9b, 0x1dff),
    (0x1fbd, 0x1fbd), (0x1fbf, 0x1fc1), (0x1fcd, 0x1fcf), (0x1fdd, 0x1fdf), (0x1fed, 0x1fef), (0x1ffd, 0x1ffe),
    (0x200b, 0x200f), (0x2018, 0x2019), (0x2024, 0x2024), (0x2027, 0x2027), (0x202a, 0x202e), (0x2060, 0x2064),
    (0x2066, 0x206f), (0x2071, 0x2071), (0x207f, 0x207f), (0x2090, 0x209c), (0x20d0, 0x20f0), (0x2c7c, 0x2c7d),
    (0x2cef, 0x2cf1), (0x2d6f, 0x2d6f), (0x2d7f, 0x2d7f), (0x2de0, 0x2dff), (0x2e2f, 0x2e2f), (0x3005, 0x3005),
    (0x302a, 0x302d), (0x3031, 0x3035), (0x303b, 0x303b), (0x3099, 0x309e), (0x30fc, 0x30fe), (0xa015, 0xa015),
    (0xa4f8, 0xa4fd), (0xa60c, 0xa60c), (0xa66f, 0xa672), (0xa674, 0xa67d), (0xa67f, 0xa67f), (0xa69c, 0xa69f),
    (0xa6f0, 0xa6f1), (0xa700, 0xa721), (0xa770, 0xa770), (0xa788, 0xa78a), (0xa7f2, 0xa7f4), (0xa7f8, 0xa7f9),
    (0xa802, 0xa802), (0xa806, 0xa806), (0xa80b, 0xa80b), (0xa825, 0xa826), (0xa82c, 0xa82c), (0xa8c4, 0xa8c5),
    (0xa8e0, 0xa8f1), (0xa8ff, 0xa8ff), (0xa926, 0xa92d), (0xa947, 0xa951), (0xa980, 0xa982), (0xa9b3, 0xa9b3),
    (0xa9b6, 0xa9b9), (0xa9bc, 0xa9bd), (0xa9cf, 0xa9cf), (0xa9e5, 0xa9e6), (0xaa29, 0xaa2e), (0xaa31, 0xaa32),
    (0xaa35, 0xaa36), (0xaa43, 0xaa43), (0xaa4c, 0xaa4c), (0xaa70, 0xaa70), (0xaa7c, 0xaa7c), (0xaab0, 0xaab0),
    (0xaab2, 0xaab4), (0xaab7, 0xaab8), (0xaabe, 0xaabf), (0xaac1, 0xaac1), (0xaadd, 0xaadd), (0xaaec, 0xaaed),
    (0xaaf3, 0xaaf4), (0xaaf6, 0xaaf6), (0xab5b, 0xab5f), (0xab69, 0xab6b), (0xabe5, 0xabe5), (0xabe8, 0xabe8),
    (0xabed, 0xabed), (0xfb1e, 0xfb1e), (0xfbb2, 0xfbc2), (0xfe00, 0xfe0f), (0xfe13, 0xfe13), (0xfe20, 0xfe2f),
    (0xfe52, 0xfe52), (0xfe55, 0xfe55), (0xfeff, 0xfeff), (0xff07, 0xff07), (0xff0e, 0xff0e), (0xff1a, 0xff1a),
    (0xff3e, 0xff3e), (0xff40, 0xff40), (0xff70, 0xff70), (0xff9e, 0xff9f), (0xffe3, 0xffe3), (0xfff9, 0xfffb),
    (0x101fd, 0x101fd), (0x102e0, 0x102e0), (0x10376, 0x1037a), (0x10780, 0x10785), (0x10787, 0x107b0), (0x107b2, 0x107ba),
    (0x10a01, 0x10a03), (0x10a05, 0x10a06), (0x10a0c, 0x10a0f), (0x10a38, 0x10a3a), (0x10a3f, 0x10a3f), (0x10ae5, 0x10ae6),
    (0x10d24, 0x10d27), (0x10d4e, 0x10d4e), (0x10d69, 0x10d6d), (0x10d6f, 0x10d6f), (0x10eab, 0x10eac), (0x10efc, 0x10eff),
    (0x10f46, 0x10f50), (0x10f82, 0x10f85), (0x11001, 0x11001), (0x11038, 0x11046), (0x11070, 0x11070), (0x11073, 0x11074),
    (0x1107f, 0x11081), (0x110b3, 0x110b6), (0x110b9, 0x110ba), (0x110bd, 0x110bd), (0x110c2, 0x110c2), (0x110cd, 0x110cd),
    (0x11100, 0x11102), (0x11127, 0x1112b), (0x1112d, 0x11134), (0x11173, 0x11173), (0x11180, 0x11181), (0x111b6, 0x111be),
    (0x111c9, 0x111cc), (0x111cf, 0x111cf), (0x1122f, 0x11231), (0x11234, 0x11234), (0x11236, 0x11237), (0x1123e, 0x1123e),
    (0x11241, 0x11241), (0x112df, 0x112df), (0x112e3, 0x112ea), (0x11300, 0x11301), (0x1133b, 0x1133c), (0x11340, 0x11340),
    (0x11366, 0x1136c), (0x11370, 0x11374), (0x113bb, 0x113c0), (0x113ce, 0x113ce), (0x113d0, 0x113d0), (0x113d2, 0x113d2),
    (0x113e1, 0x113e2), (0x11438, 0x1143f), (0x11442, 0x11444), (0x11446, 0x11446), (0x1145e, 0x1145e), (0x114b3, 0x114b8),
    (0x114ba, 0x114ba), (0x114bf, 0x114c0), (0x114c2, 0x114c3), (0x115b2, 0x115b5), (0x115bc, 0x115bd), (0x115bf, 0x115c0),
    (0x115dc, 0x115dd), (0x11633, 0x1163a), (0x1163d, 0x1163d), (0x1163f, 0x11640), (0x116ab, 0x116ab), (0x116ad, 0x116ad),
    (0x116b0, 0x116b5), (0x116b7, 0x116b7), (0x1171d, 0x1171d), (0x1171f, 0x1171f), (0x11722, 0x11725), (0x11727, 0x1172b),
    (0x1182f, 0x11837), (0x11839, 0x1183a), (0x1193b, 0x1193c), (0x1193e, 0x1193e), (0x11943, 0x11943), (0x119d4, 0x119d7),
    (0x119da, 0x119db), (0x119e0, 0x119e0), (0x11a01, 0x11a0a), (0x11a33, 0x11a38), (0x11a3b, 0x11a3e), (0x11a47, 0x11a47),
    (0x11a51, 0x11a56), (0x11a59, 0x11a5b), (0x11a8a, 0x11a96), (0x11a98, 0x11a99), (0x11c30, 0x11c36), (0x11c38, 0x11c3d),
    (0x11c3f, 0x11c3f), (0x11c92, 0x11ca7), (0x11caa, 0x11cb0), (0x11cb2, 0x11cb3), (0x11cb5, 0x11cb6), (0x11d31, 0x11d36),
    (0x11d3a, 0x11d3a), (0x11d3c, 0x11d3d), (0x11d3f, 0x11d45), (0x11d47, 0x11d47), (0x11d90, 0x11d91), (0x11d95, 0x11d95),
    (0x11d97, 0x11d97), (0x11ef3, 0x11ef4), (0x11f00, 0x11f01), (0x11f36, 0x11f3a), (0x11f40, 0x11f40), (0x11f42, 0x11f42),
    (0x11f5a, 0x11f5a), (0x13430, 0x13440), (0x13447, 0x13455), (0x1611e, 0x16129), (0x1612d, 0x1612f), (0x16af0, 0x16af4),
    (0x16b30, 0x16b36), (0x16b40, 0x16b43), (0x16d40, 0x16d42), (0x16d6b, 0x16d6c), (0x16f4f, 0x16f4f), (0x16f8f, 0x16f9f),
    (0x16fe0, 0x16fe1), (0x16fe3, 0x16fe4), (0x1aff0, 0x1aff3), (0x1aff5, 0x1affb), (0x1affd, 0x1affe), (0x1bc9d, 0x1bc9e),
    (0x1bca0, 0x1bca3), (0x1cf00, 0x1cf2d), (0x1cf30, 0x1cf46), (0x1d167, 0x1d169), (0x1d173, 0x1d182), (0x1d185, 0x1d18b),
    (0x1d1aa, 0x1d1ad), (0x1d242, 0x1d244), (0x1da00, 0x1da36), (0x1da3b, 0x1da6c), (0x1da75, 0x1da75), (0x1da84, 0x1da84),
    (0x1da9b, 0x1da9f), (0x1daa1, 0x1daaf), (0x1e000, 0x1e006), (0x1e008, 0x1e018), (0x1e01b, 0x1e021), (0x1e023, 0x1e024),
    (0x1e026, 0x1e02a), (0x1e030, 0x1e06d), (0x1e08f, 0x1e08f), (0x1e130, 0x1e13d), (0x1e2ae, 0x1e2ae), (0x1e2ec, 0x1e2ef),
    (0x1e4eb, 0x1e4ef), (0x1e5ee, 0x1e5ef), (0x1e8d0, 0x1e8d6), (0x1e944, 0x1e94b), (0x1f3fb, 0x1f3ff), (0xe0001, 0xe0001),
    (0xe0020, 0xe007f), (0xe0100, 0xe01ef),
];

/// Valid first characters of a Python identifier (XID_Start + '_'),
/// probed via str.isidentifier().
#[rustfmt::skip]
pub static IDENT_START: &[(u32, u32)] = &[
    (0x41, 0x5a), (0x5f, 0x5f), (0x61, 0x7a), (0xaa, 0xaa), (0xb5, 0xb5), (0xba, 0xba),
    (0xc0, 0xd6), (0xd8, 0xf6), (0xf8, 0x2c1), (0x2c6, 0x2d1), (0x2e0, 0x2e4), (0x2ec, 0x2ec),
    (0x2ee, 0x2ee), (0x370, 0x374), (0x376, 0x377), (0x37b, 0x37d), (0x37f, 0x37f), (0x386, 0x386),
    (0x388, 0x38a), (0x38c, 0x38c), (0x38e, 0x3a1), (0x3a3, 0x3f5), (0x3f7, 0x481), (0x48a, 0x52f),
    (0x531, 0x556), (0x559, 0x559), (0x560, 0x588), (0x5d0, 0x5ea), (0x5ef, 0x5f2), (0x620, 0x64a),
    (0x66e, 0x66f), (0x671, 0x6d3), (0x6d5, 0x6d5), (0x6e5, 0x6e6), (0x6ee, 0x6ef), (0x6fa, 0x6fc),
    (0x6ff, 0x6ff), (0x710, 0x710), (0x712, 0x72f), (0x74d, 0x7a5), (0x7b1, 0x7b1), (0x7ca, 0x7ea),
    (0x7f4, 0x7f5), (0x7fa, 0x7fa), (0x800, 0x815), (0x81a, 0x81a), (0x824, 0x824), (0x828, 0x828),
    (0x840, 0x858), (0x860, 0x86a), (0x870, 0x887), (0x889, 0x88e), (0x8a0, 0x8c9), (0x904, 0x939),
    (0x93d, 0x93d), (0x950, 0x950), (0x958, 0x961), (0x971, 0x980), (0x985, 0x98c), (0x98f, 0x990),
    (0x993, 0x9a8), (0x9aa, 0x9b0), (0x9b2, 0x9b2), (0x9b6, 0x9b9), (0x9bd, 0x9bd), (0x9ce, 0x9ce),
    (0x9dc, 0x9dd), (0x9df, 0x9e1), (0x9f0, 0x9f1), (0x9fc, 0x9fc), (0xa05, 0xa0a), (0xa0f, 0xa10),
    (0xa13, 0xa28), (0xa2a, 0xa30), (0xa32, 0xa33), (0xa35, 0xa36), (0xa38, 0xa39), (0xa59, 0xa5c),
    (0xa5e, 0xa5e), (0xa72, 0xa74), (0xa85, 0xa8d), (0xa8f, 0xa91), (0xa93, 0xaa8), (0xaaa, 0xab0),
    (0xab2, 0xab3), (0xab5, 0xab9), (0xabd, 0xabd), (0xad0, 0xad0), (0xae0, 0xae1), (0xaf9, 0xaf9),
    (0xb05, 0xb0c), (0xb0f, 0xb10), (0xb13, 0xb28), (0xb2a, 0xb30), (0xb32, 0xb33), (0xb35, 0xb39),
    (0xb3d, 0xb3d), (0xb5c, 0xb5d), (0xb5f, 0xb61), (0xb71, 0xb71), (0xb83, 0xb83), (0xb85, 0xb8a),
    (0xb8e, 0xb90), (0xb92, 0xb95), (0xb99, 0xb9a), (0xb9c, 0xb9c), (0xb9e, 0xb9f), (0xba3, 0xba4),
    (0xba8, 0xbaa), (0xbae, 0xbb9), (0xbd0, 0xbd0), (0xc05, 0xc0c), (0xc0e, 0xc10), (0xc12, 0xc28),
    (0xc2a, 0xc39), (0xc3d, 0xc3d), (0xc58, 0xc5a), (0xc5d, 0xc5d), (0xc60, 0xc61), (0xc80, 0xc80),
    (0xc85, 0xc8c), (0xc8e, 0xc90), (0xc92, 0xca8), (0xcaa, 0xcb3), (0xcb5, 0xcb9), (0xcbd, 0xcbd),
    (0xcdd, 0xcde), (0xce0, 0xce1), (0xcf1, 0xcf2), (0xd04, 0xd0c), (0xd0e, 0xd10), (0xd12, 0xd3a),
    (0xd3d, 0xd3d), (0xd4e, 0xd4e), (0xd54, 0xd56), (0xd5f, 0xd61), (0xd7a, 0xd7f), (0xd85, 0xd96),
    (0xd9a, 0xdb1), (0xdb3, 0xdbb), (0xdbd, 0xdbd), (0xdc0, 0xdc6), (0xe01, 0xe30), (0xe32, 0xe32),
    (0xe40, 0xe46), (0xe81, 0xe82), (0xe84, 0xe84), (0xe86, 0xe8a), (0xe8c, 0xea3), (0xea5, 0xea5),
    (0xea7, 0xeb0), (0xeb2, 0xeb2), (0xebd, 0xebd), (0xec0, 0xec4), (0xec6, 0xec6), (0xedc, 0xedf),
    (0xf00, 0xf00), (0xf40, 0xf47), (0xf49, 0xf6c), (0xf88, 0xf8c), (0x1000, 0x102a), (0x103f, 0x103f),
    (0x1050, 0x1055), (0x105a, 0x105d), (0x1061, 0x1061), (0x1065, 0x1066), (0x106e, 0x1070), (0x1075, 0x1081),
    (0x108e, 0x108e), (0x10a0, 0x10c5), (0x10c7, 0x10c7), (0x10cd, 0x10cd), (0x10d0, 0x10fa), (0x10fc, 0x1248),
    (0x124a, 0x124d), (0x1250, 0x1256), (0x1258, 0x1258), (0x125a, 0x125d), (0x1260, 0x1288), (0x128a, 0x128d),
    (0x1290, 0x12b0), (0x12b2, 0x12b5), (0x12b8, 0x12be), (0x12c0, 0x12c0), (0x12c2, 0x12c5), (0x12c8, 0x12d6),
    (0x12d8, 0x1310), (0x1312, 0x1315), (0x1318, 0x135a), (0x1380, 0x138f), (0x13a0, 0x13f5), (0x13f8, 0x13fd),
    (0x1401, 0x166c), (0x166f, 0x167f), (0x1681, 0x169a), (0x16a0, 0x16ea), (0x16ee, 0x16f8), (0x1700, 0x1711),
    (0x171f, 0x1731), (0x1740, 0x1751), (0x1760, 0x176c), (0x176e, 0x1770), (0x1780, 0x17b3), (0x17d7, 0x17d7),
    (0x17dc, 0x17dc), (0x1820, 0x1878), (0x1880, 0x18a8), (0x18aa, 0x18aa), (0x18b0, 0x18f5), (0x1900, 0x191e),
    (0x1950, 0x196d), (0x1970, 0x1974), (0x1980, 0x19ab), (0x19b0, 0x19c9), (0x1a00, 0x1a16), (0x1a20, 0x1a54),
    (0x1aa7, 0x1aa7), (0x1b05, 0x1b33), (0x1b45, 0x1b4c), (0x1b83, 0x1ba0), (0x1bae, 0x1baf), (0x1bba, 0x1be5),
    (0x1c00, 0x1c23), (0x1c4d, 0x1c4f), (0x1c5a, 0x1c7d), (0x1c80, 0x1c8a), (0x1c90, 0x1cba), (0x1cbd, 0x1cbf),
    (0x1ce9, 0x1cec), (0x1cee, 0x1cf3), (0x1cf5, 0x1cf6), (0x1cfa, 0x1cfa), (0x1d00, 0x1dbf), (0x1e00, 0x1f15),
    (0x1f18, 0x1f1d), (0x1f20, 0x1f45), (0x1f48, 0x1f4d), (0x1f50, 0x1f57), (0x1f59, 0x1f59), (0x1f5b, 0x1f5b),
    (0x1f5d, 0x1f5d), (0x1f5f, 0x1f7d), (0x1f80, 0x1fb4), (0x1fb6, 0x1fbc), (0x1fbe, 0x1fbe), (0x1fc2, 0x1fc4),
    (0x1fc6, 0x1fcc), (0x1fd0, 0x1fd3), (0x1fd6, 0x1fdb), (0x1fe0, 0x1fec), (0x1ff2, 0x1ff4), (0x1ff6, 0x1ffc),
    (0x2071, 0x2071), (0x207f, 0x207f), (0x2090, 0x209c), (0x2102, 0x2102), (0x2107, 0x2107), (0x210a, 0x2113),
    (0x2115, 0x2115), (0x2118, 0x211d), (0x2124, 0x2124), (0x2126, 0x2126), (0x2128, 0x2128), (0x212a, 0x2139),
    (0x213c, 0x213f), (0x2145, 0x2149), (0x214e, 0x214e), (0x2160, 0x2188), (0x2c00, 0x2ce4), (0x2ceb, 0x2cee),
    (0x2cf2, 0x2cf3), (0x2d00, 0x2d25), (0x2d27, 0x2d27), (0x2d2d, 0x2d2d), (0x2d30, 0x2d67), (0x2d6f, 0x2d6f),
    (0x2d80, 0x2d96), (0x2da0, 0x2da6), (0x2da8, 0x2dae), (0x2db0, 0x2db6), (0x2db8, 0x2dbe), (0x2dc0, 0x2dc6),
    (0x2dc8, 0x2dce), (0x2dd0, 0x2dd6), (0x2dd8, 0x2dde), (0x3005, 0x3007), (0x3021, 0x3029), (0x3031, 0x3035),
    (0x3038, 0x303c), (0x3041, 0x3096), (0x309d, 0x309f), (0x30a1, 0x30fa), (0x30fc, 0x30ff), (0x3105, 0x312f),
    (0x3131, 0x318e), (0x31a0, 0x31bf), (0x31f0, 0x31ff), (0x3400, 0x4dbf), (0x4e00, 0xa48c), (0xa4d0, 0xa4fd),
    (0xa500, 0xa60c), (0xa610, 0xa61f), (0xa62a, 0xa62b), (0xa640, 0xa66e), (0xa67f, 0xa69d), (0xa6a0, 0xa6ef),
    (0xa717, 0xa71f), (0xa722, 0xa788), (0xa78b, 0xa7cd), (0xa7d0, 0xa7d1), (0xa7d3, 0xa7d3), (0xa7d5, 0xa7dc),
    (0xa7f2, 0xa801), (0xa803, 0xa805), (0xa807, 0xa80a), (0xa80c, 0xa822), (0xa840, 0xa873), (0xa882, 0xa8b3),
    (0xa8f2, 0xa8f7), (0xa8fb, 0xa8fb), (0xa8fd, 0xa8fe), (0xa90a, 0xa925), (0xa930, 0xa946), (0xa960, 0xa97c),
    (0xa984, 0xa9b2), (0xa9cf, 0xa9cf), (0xa9e0, 0xa9e4), (0xa9e6, 0xa9ef), (0xa9fa, 0xa9fe), (0xaa00, 0xaa28),
    (0xaa40, 0xaa42), (0xaa44, 0xaa4b), (0xaa60, 0xaa76), (0xaa7a, 0xaa7a), (0xaa7e, 0xaaaf), (0xaab1, 0xaab1),
    (0xaab5, 0xaab6), (0xaab9, 0xaabd), (0xaac0, 0xaac0), (0xaac2, 0xaac2), (0xaadb, 0xaadd), (0xaae0, 0xaaea),
    (0xaaf2, 0xaaf4), (0xab01, 0xab06), (0xab09, 0xab0e), (0xab11, 0xab16), (0xab20, 0xab26), (0xab28, 0xab2e),
    (0xab30, 0xab5a), (0xab5c, 0xab69), (0xab70, 0xabe2), (0xac00, 0xd7a3), (0xd7b0, 0xd7c6), (0xd7cb, 0xd7fb),
    (0xf900, 0xfa6d), (0xfa70, 0xfad9), (0xfb00, 0xfb06), (0xfb13, 0xfb17), (0xfb1d, 0xfb1d), (0xfb1f, 0xfb28),
    (0xfb2a, 0xfb36), (0xfb38, 0xfb3c), (0xfb3e, 0xfb3e), (0xfb40, 0xfb41), (0xfb43, 0xfb44), (0xfb46, 0xfbb1),
    (0xfbd3, 0xfc5d), (0xfc64, 0xfd3d), (0xfd50, 0xfd8f), (0xfd92, 0xfdc7), (0xfdf0, 0xfdf9), (0xfe71, 0xfe71),
    (0xfe73, 0xfe73), (0xfe77, 0xfe77), (0xfe79, 0xfe79), (0xfe7b, 0xfe7b), (0xfe7d, 0xfe7d), (0xfe7f, 0xfefc),
    (0xff21, 0xff3a), (0xff41, 0xff5a), (0xff66, 0xff9d), (0xffa0, 0xffbe), (0xffc2, 0xffc7), (0xffca, 0xffcf),
    (0xffd2, 0xffd7), (0xffda, 0xffdc), (0x10000, 0x1000b), (0x1000d, 0x10026), (0x10028, 0x1003a), (0x1003c, 0x1003d),
    (0x1003f, 0x1004d), (0x10050, 0x1005d), (0x10080, 0x100fa), (0x10140, 0x10174), (0x10280, 0x1029c), (0x102a0, 0x102d0),
    (0x10300, 0x1031f), (0x1032d, 0x1034a), (0x10350, 0x10375), (0x10380, 0x1039d), (0x103a0, 0x103c3), (0x103c8, 0x103cf),
    (0x103d1, 0x103d5), (0x10400, 0x1049d), (0x104b0, 0x104d3), (0x104d8, 0x104fb), (0x10500, 0x10527), (0x10530, 0x10563),
    (0x10570, 0x1057a), (0x1057c, 0x1058a), (0x1058c, 0x10592), (0x10594, 0x10595), (0x10597, 0x105a1), (0x105a3, 0x105b1),
    (0x105b3, 0x105b9), (0x105bb, 0x105bc), (0x105c0, 0x105f3), (0x10600, 0x10736), (0x10740, 0x10755), (0x10760, 0x10767),
    (0x10780, 0x10785), (0x10787, 0x107b0), (0x107b2, 0x107ba), (0x10800, 0x10805), (0x10808, 0x10808), (0x1080a, 0x10835),
    (0x10837, 0x10838), (0x1083c, 0x1083c), (0x1083f, 0x10855), (0x10860, 0x10876), (0x10880, 0x1089e), (0x108e0, 0x108f2),
    (0x108f4, 0x108f5), (0x10900, 0x10915), (0x10920, 0x10939), (0x10980, 0x109b7), (0x109be, 0x109bf), (0x10a00, 0x10a00),
    (0x10a10, 0x10a13), (0x10a15, 0x10a17), (0x10a19, 0x10a35), (0x10a60, 0x10a7c), (0x10a80, 0x10a9c), (0x10ac0, 0x10ac7),
    (0x10ac9, 0x10ae4), (0x10b00, 0x10b35), (0x10b40, 0x10b55), (0x10b60, 0x10b72), (0x10b80, 0x10b91), (0x10c00, 0x10c48),
    (0x10c80, 0x10cb2), (0x10cc0, 0x10cf2), (0x10d00, 0x10d23), (0x10d4a, 0x10d65), (0x10d6f, 0x10d85), (0x10e80, 0x10ea9),
    (0x10eb0, 0x10eb1), (0x10ec2, 0x10ec4), (0x10f00, 0x10f1c), (0x10f27, 0x10f27), (0x10f30, 0x10f45), (0x10f70, 0x10f81),
    (0x10fb0, 0x10fc4), (0x10fe0, 0x10ff6), (0x11003, 0x11037), (0x11071, 0x11072), (0x11075, 0x11075), (0x11083, 0x110af),
    (0x110d0, 0x110e8), (0x11103, 0x11126), (0x11144, 0x11144), (0x11147, 0x11147), (0x11150, 0x11172), (0x11176, 0x11176),
    (0x11183, 0x111b2), (0x111c1, 0x111c4), (0x111da, 0x111da), (0x111dc, 0x111dc), (0x11200, 0x11211), (0x11213, 0x1122b),
    (0x1123f, 0x11240), (0x11280, 0x11286), (0x11288, 0x11288), (0x1128a, 0x1128d), (0x1128f, 0x1129d), (0x1129f, 0x112a8),
    (0x112b0, 0x112de), (0x11305, 0x1130c), (0x1130f, 0x11310), (0x11313, 0x11328), (0x1132a, 0x11330), (0x11332, 0x11333),
    (0x11335, 0x11339), (0x1133d, 0x1133d), (0x11350, 0x11350), (0x1135d, 0x11361), (0x11380, 0x11389), (0x1138b, 0x1138b),
    (0x1138e, 0x1138e), (0x11390, 0x113b5), (0x113b7, 0x113b7), (0x113d1, 0x113d1), (0x113d3, 0x113d3), (0x11400, 0x11434),
    (0x11447, 0x1144a), (0x1145f, 0x11461), (0x11480, 0x114af), (0x114c4, 0x114c5), (0x114c7, 0x114c7), (0x11580, 0x115ae),
    (0x115d8, 0x115db), (0x11600, 0x1162f), (0x11644, 0x11644), (0x11680, 0x116aa), (0x116b8, 0x116b8), (0x11700, 0x1171a),
    (0x11740, 0x11746), (0x11800, 0x1182b), (0x118a0, 0x118df), (0x118ff, 0x11906), (0x11909, 0x11909), (0x1190c, 0x11913),
    (0x11915, 0x11916), (0x11918, 0x1192f), (0x1193f, 0x1193f), (0x11941, 0x11941), (0x119a0, 0x119a7), (0x119aa, 0x119d0),
    (0x119e1, 0x119e1), (0x119e3, 0x119e3), (0x11a00, 0x11a00), (0x11a0b, 0x11a32), (0x11a3a, 0x11a3a), (0x11a50, 0x11a50),
    (0x11a5c, 0x11a89), (0x11a9d, 0x11a9d), (0x11ab0, 0x11af8), (0x11bc0, 0x11be0), (0x11c00, 0x11c08), (0x11c0a, 0x11c2e),
    (0x11c40, 0x11c40), (0x11c72, 0x11c8f), (0x11d00, 0x11d06), (0x11d08, 0x11d09), (0x11d0b, 0x11d30), (0x11d46, 0x11d46),
    (0x11d60, 0x11d65), (0x11d67, 0x11d68), (0x11d6a, 0x11d89), (0x11d98, 0x11d98), (0x11ee0, 0x11ef2), (0x11f02, 0x11f02),
    (0x11f04, 0x11f10), (0x11f12, 0x11f33), (0x11fb0, 0x11fb0), (0x12000, 0x12399), (0x12400, 0x1246e), (0x12480, 0x12543),
    (0x12f90, 0x12ff0), (0x13000, 0x1342f), (0x13441, 0x13446), (0x13460, 0x143fa), (0x14400, 0x14646), (0x16100, 0x1611d),
    (0x16800, 0x16a38), (0x16a40, 0x16a5e), (0x16a70, 0x16abe), (0x16ad0, 0x16aed), (0x16b00, 0x16b2f), (0x16b40, 0x16b43),
    (0x16b63, 0x16b77), (0x16b7d, 0x16b8f), (0x16d40, 0x16d6c), (0x16e40, 0x16e7f), (0x16f00, 0x16f4a), (0x16f50, 0x16f50),
    (0x16f93, 0x16f9f), (0x16fe0, 0x16fe1), (0x16fe3, 0x16fe3), (0x17000, 0x187f7), (0x18800, 0x18cd5), (0x18cff, 0x18d08),
    (0x1aff0, 0x1aff3), (0x1aff5, 0x1affb), (0x1affd, 0x1affe), (0x1b000, 0x1b122), (0x1b132, 0x1b132), (0x1b150, 0x1b152),
    (0x1b155, 0x1b155), (0x1b164, 0x1b167), (0x1b170, 0x1b2fb), (0x1bc00, 0x1bc6a), (0x1bc70, 0x1bc7c), (0x1bc80, 0x1bc88),
    (0x1bc90, 0x1bc99), (0x1d400, 0x1d454), (0x1d456, 0x1d49c), (0x1d49e, 0x1d49f), (0x1d4a2, 0x1d4a2), (0x1d4a5, 0x1d4a6),
    (0x1d4a9, 0x1d4ac), (0x1d4ae, 0x1d4b9), (0x1d4bb, 0x1d4bb), (0x1d4bd, 0x1d4c3), (0x1d4c5, 0x1d505), (0x1d507, 0x1d50a),
    (0x1d50d, 0x1d514), (0x1d516, 0x1d51c), (0x1d51e, 0x1d539), (0x1d53b, 0x1d53e), (0x1d540, 0x1d544), (0x1d546, 0x1d546),
    (0x1d54a, 0x1d550), (0x1d552, 0x1d6a5), (0x1d6a8, 0x1d6c0), (0x1d6c2, 0x1d6da), (0x1d6dc, 0x1d6fa), (0x1d6fc, 0x1d714),
    (0x1d716, 0x1d734), (0x1d736, 0x1d74e), (0x1d750, 0x1d76e), (0x1d770, 0x1d788), (0x1d78a, 0x1d7a8), (0x1d7aa, 0x1d7c2),
    (0x1d7c4, 0x1d7cb), (0x1df00, 0x1df1e), (0x1df25, 0x1df2a), (0x1e030, 0x1e06d), (0x1e100, 0x1e12c), (0x1e137, 0x1e13d),
    (0x1e14e, 0x1e14e), (0x1e290, 0x1e2ad), (0x1e2c0, 0x1e2eb), (0x1e4d0, 0x1e4eb), (0x1e5d0, 0x1e5ed), (0x1e5f0, 0x1e5f0),
    (0x1e7e0, 0x1e7e6), (0x1e7e8, 0x1e7eb), (0x1e7ed, 0x1e7ee), (0x1e7f0, 0x1e7fe), (0x1e800, 0x1e8c4), (0x1e900, 0x1e943),
    (0x1e94b, 0x1e94b), (0x1ee00, 0x1ee03), (0x1ee05, 0x1ee1f), (0x1ee21, 0x1ee22), (0x1ee24, 0x1ee24), (0x1ee27, 0x1ee27),
    (0x1ee29, 0x1ee32), (0x1ee34, 0x1ee37), (0x1ee39, 0x1ee39), (0x1ee3b, 0x1ee3b), (0x1ee42, 0x1ee42), (0x1ee47, 0x1ee47),
    (0x1ee49, 0x1ee49), (0x1ee4b, 0x1ee4b), (0x1ee4d, 0x1ee4f), (0x1ee51, 0x1ee52), (0x1ee54, 0x1ee54), (0x1ee57, 0x1ee57),
    (0x1ee59, 0x1ee59), (0x1ee5b, 0x1ee5b), (0x1ee5d, 0x1ee5d), (0x1ee5f, 0x1ee5f), (0x1ee61, 0x1ee62), (0x1ee64, 0x1ee64),
    (0x1ee67, 0x1ee6a), (0x1ee6c, 0x1ee72), (0x1ee74, 0x1ee77), (0x1ee79, 0x1ee7c), (0x1ee7e, 0x1ee7e), (0x1ee80, 0x1ee89),
    (0x1ee8b, 0x1ee9b), (0x1eea1, 0x1eea3), (0x1eea5, 0x1eea9), (0x1eeab, 0x1eebb), (0x20000, 0x2a6df), (0x2a700, 0x2b739),
    (0x2b740, 0x2b81d), (0x2b820, 0x2cea1), (0x2ceb0, 0x2ebe0), (0x2ebf0, 0x2ee5d), (0x2f800, 0x2fa1d), (0x30000, 0x3134a),
    (0x31350, 0x323af),
];

/// Valid non-first Python identifier characters (XID_Continue),
/// probed via ('a' + c).isidentifier().
#[rustfmt::skip]
pub static IDENT_CONTINUE: &[(u32, u32)] = &[
    (0x30, 0x39), (0x41, 0x5a), (0x5f, 0x5f), (0x61, 0x7a), (0xaa, 0xaa), (0xb5, 0xb5),
    (0xb7, 0xb7), (0xba, 0xba), (0xc0, 0xd6), (0xd8, 0xf6), (0xf8, 0x2c1), (0x2c6, 0x2d1),
    (0x2e0, 0x2e4), (0x2ec, 0x2ec), (0x2ee, 0x2ee), (0x300, 0x374), (0x376, 0x377), (0x37b, 0x37d),
    (0x37f, 0x37f), (0x386, 0x38a), (0x38c, 0x38c), (0x38e, 0x3a1), (0x3a3, 0x3f5), (0x3f7, 0x481),
    (0x483, 0x487), (0x48a, 0x52f), (0x531, 0x556), (0x559, 0x559), (0x560, 0x588), (0x591, 0x5bd),
    (0x5bf, 0x5bf), (0x5c1, 0x5c2), (0x5c4, 0x5c5), (0x5c7, 0x5c7), (0x5d0, 0x5ea), (0x5ef, 0x5f2),
    (0x610, 0x61a), (0x620, 0x669), (0x66e, 0x6d3), (0x6d5, 0x6dc), (0x6df, 0x6e8), (0x6ea, 0x6fc),
    (0x6ff, 0x6ff), (0x710, 0x74a), (0x74d, 0x7b1), (0x7c0, 0x7f5), (0x7fa, 0x7fa), (0x7fd, 0x7fd),
    (0x800, 0x82d), (0x840, 0x85b), (0x860, 0x86a), (0x870, 0x887), (0x889, 0x88e), (0x897, 0x8e1),
    (0x8e3, 0x963), (0x966, 0x96f), (0x971, 0x983), (0x985, 0x98c), (0x98f, 0x990), (0x993, 0x9a8),
    (0x9aa, 0x9b0), (0x9b2, 0x9b2), (0x9b6, 0x9b9), (0x9bc, 0x9c4), (0x9c7, 0x9c8), (0x9cb, 0x9ce),
    (0x9d7, 0x9d7), (0x9dc, 0x9dd), (0x9df, 0x9e3), (0x9e6, 0x9f1), (0x9fc, 0x9fc), (0x9fe, 0x9fe),
    (0xa01, 0xa03), (0xa05, 0xa0a), (0xa0f, 0xa10), (0xa13, 0xa28), (0xa2a, 0xa30), (0xa32, 0xa33),
    (0xa35, 0xa36), (0xa38, 0xa39), (0xa3c, 0xa3c), (0xa3e, 0xa42), (0xa47, 0xa48), (0xa4b, 0xa4d),
    (0xa51, 0xa51), (0xa59, 0xa5c), (0xa5e, 0xa5e), (0xa66, 0xa75), (0xa81, 0xa83), (0xa85, 0xa8d),
    (0xa8f, 0xa91), (0xa93, 0xaa8), (0xaaa, 0xab0), (0xab2, 0xab3), (0xab5, 0xab9), (0xabc, 0xac5),
    (0xac7, 0xac9), (0xacb, 0xacd), (0xad0, 0xad0), (0xae0, 0xae3), (0xae6, 0xaef), (0xaf9, 0xaff),
    (0xb01, 0xb03), (0xb05, 0xb0c), (0xb0f, 0xb10), (0xb13, 0xb28), (0xb2a, 0xb30), (0xb32, 0xb33),
    (0xb35, 0xb39), (0xb3c, 0xb44), (0xb47, 0xb48), (0xb4b, 0xb4d), (0xb55, 0xb57), (0xb5c, 0xb5d),
    (0xb5f, 0xb63), (0xb66, 0xb6f), (0xb71, 0xb71), (0xb82, 0xb83), (0xb85, 0xb8a), (0xb8e, 0xb90),
    (0xb92, 0xb95), (0xb99, 0xb9a), (0xb9c, 0xb9c), (0xb9e, 0xb9f), (0xba3, 0xba4), (0xba8, 0xbaa),
    (0xbae, 0xbb9), (0xbbe, 0xbc2), (0xbc6, 0xbc8), (0xbca, 0xbcd), (0xbd0, 0xbd0), (0xbd7, 0xbd7),
    (0xbe6, 0xbef), (0xc00, 0xc0c), (0xc0e, 0xc10), (0xc12, 0xc28), (0xc2a, 0xc39), (0xc3c, 0xc44),
    (0xc46, 0xc48), (0xc4a, 0xc4d), (0xc55, 0xc56), (0xc58, 0xc5a), (0xc5d, 0xc5d), (0xc60, 0xc63),
    (0xc66, 0xc6f), (0xc80, 0xc83), (0xc85, 0xc8c), (0xc8e, 0xc90), (0xc92, 0xca8), (0xcaa, 0xcb3),
    (0xcb5, 0xcb9), (0xcbc, 0xcc4), (0xcc6, 0xcc8), (0xcca, 0xccd), (0xcd5, 0xcd6), (0xcdd, 0xcde),
    (0xce0, 0xce3), (0xce6, 0xcef), (0xcf1, 0xcf3), (0xd00, 0xd0c), (0xd0e, 0xd10), (0xd12, 0xd44),
    (0xd46, 0xd48), (0xd4a, 0xd4e), (0xd54, 0xd57), (0xd5f, 0xd63), (0xd66, 0xd6f), (0xd7a, 0xd7f),
    (0xd81, 0xd83), (0xd85, 0xd96), (0xd9a, 0xdb1), (0xdb3, 0xdbb), (0xdbd, 0xdbd), (0xdc0, 0xdc6),
    (0xdca, 0xdca), (0xdcf, 0xdd4), (0xdd6, 0xdd6), (0xdd8, 0xddf), (0xde6, 0xdef), (0xdf2, 0xdf3),
    (0xe01, 0xe3a), (0xe40, 0xe4e), (0xe50, 0xe59), (0xe81, 0xe82), (0xe84, 0xe84), (0xe86, 0xe8a),
    (0xe8c, 0xea3), (0xea5, 0xea5), (0xea7, 0xebd), (0xec0, 0xec4), (0xec6, 0xec6), (0xec8, 0xece),
    (0xed0, 0xed9), (0xedc, 0xedf), (0xf00, 0xf00), (0xf18, 0xf19), (0xf20, 0xf29), (0xf35, 0xf35),
    (0xf37, 0xf37), (0xf39, 0xf39), (0xf3e, 0xf47), (0xf49, 0xf6c), (0xf71, 0xf84), (0xf86, 0xf97),
    (0xf99, 0xfbc), (0xfc6, 0xfc6), (0x1000, 0x1049), (0x1050, 0x109d), (0x10a0, 0x10c5), (0x10c7, 0x10c7),
    (0x10cd, 0x10cd), (0x10d0, 0x10fa), (0x10fc, 0x1248), (0x124a, 0x124d), (0x1250, 0x1256), (0x1258, 0x1258),
    (0x125a, 0x125d), (0x1260, 0x1288), (0x128a, 0x128d), (0x1290, 0x12b0), (0x12b2, 0x12b5), (0x12b8, 0x12be),
    (0x12c0, 0x12c0), (0x12c2, 0x12c5), (0x12c8, 0x12d6), (0x12d8, 0x1310), (0x1312, 0x1315), (0x1318, 0x135a),
    (0x135d, 0x135f), (0x1369, 0x1371), (0x1380, 0x138f), (0x13a0, 0x13f5), (0x13f8, 0x13fd), (0x1401, 0x166c),
    (0x166f, 0x167f), (0x1681, 0x169a), (0x16a0, 0x16ea), (0x16ee, 0x16f8), (0x1700, 0x1715), (0x171f, 0x1734),
    (0x1740, 0x1753), (0x1760, 0x176c), (0x176e, 0x1770), (0x1772, 0x1773), (0x1780, 0x17d3), (0x17d7, 0x17d7),
    (0x17dc, 0x17dd), (0x17e0, 0x17e9), (0x180b, 0x180d), (0x180f, 0x1819), (0x1820, 0x1878), (0x1880, 0x18aa),
    (0x18b0, 0x18f5), (0x1900, 0x191e), (0x1920, 0x192b), (0x1930, 0x193b), (0x1946, 0x196d), (0x1970, 0x1974),
    (0x1980, 0x19ab), (0x19b0, 0x19c9), (0x19d0, 0x19da), (0x1a00, 0x1a1b), (0x1a20, 0x1a5e), (0x1a60, 0x1a7c),
    (0x1a7f, 0x1a89), (0x1a90, 0x1a99), (0x1aa7, 0x1aa7), (0x1ab0, 0x1abd), (0x1abf, 0x1ace), (0x1b00, 0x1b4c),
    (0x1b50, 0x1b59), (0x1b6b, 0x1b73), (0x1b80, 0x1bf3), (0x1c00, 0x1c37), (0x1c40, 0x1c49), (0x1c4d, 0x1c7d),
    (0x1c80, 0x1c8a), (0x1c90, 0x1cba), (0x1cbd, 0x1cbf), (0x1cd0, 0x1cd2), (0x1cd4, 0x1cfa), (0x1d00, 0x1f15),
    (0x1f18, 0x1f1d), (0x1f20, 0x1f45), (0x1f48, 0x1f4d), (0x1f50, 0x1f57), (0x1f59, 0x1f59), (0x1f5b, 0x1f5b),
    (0x1f5d, 0x1f5d), (0x1f5f, 0x1f7d), (0x1f80, 0x1fb4), (0x1fb6, 0x1fbc), (0x1fbe, 0x1fbe), (0x1fc2, 0x1fc4),
    (0x1fc6, 0x1fcc), (0x1fd0, 0x1fd3), (0x1fd6, 0x1fdb), (0x1fe0, 0x1fec), (0x1ff2, 0x1ff4), (0x1ff6, 0x1ffc),
    (0x200c, 0x200d), (0x203f, 0x2040), (0x2054, 0x2054), (0x2071, 0x2071), (0x207f, 0x207f), (0x2090, 0x209c),
    (0x20d0, 0x20dc), (0x20e1, 0x20e1), (0x20e5, 0x20f0), (0x2102, 0x2102), (0x2107, 0x2107), (0x210a, 0x2113),
    (0x2115, 0x2115), (0x2118, 0x211d), (0x2124, 0x2124), (0x2126, 0x2126), (0x2128, 0x2128), (0x212a, 0x2139),
    (0x213c, 0x213f), (0x2145, 0x2149), (0x214e, 0x214e), (0x2160, 0x2188), (0x2c00, 0x2ce4), (0x2ceb, 0x2cf3),
    (0x2d00, 0x2d25), (0x2d27, 0x2d27), (0x2d2d, 0x2d2d), (0x2d30, 0x2d67), (0x2d6f, 0x2d6f), (0x2d7f, 0x2d96),
    (0x2da0, 0x2da6), (0x2da8, 0x2dae), (0x2db0, 0x2db6), (0x2db8, 0x2dbe), (0x2dc0, 0x2dc6), (0x2dc8, 0x2dce),
    (0x2dd0, 0x2dd6), (0x2dd8, 0x2dde), (0x2de0, 0x2dff), (0x3005, 0x3007), (0x3021, 0x302f), (0x3031, 0x3035),
    (0x3038, 0x303c), (0x3041, 0x3096), (0x3099, 0x309a), (0x309d, 0x309f), (0x30a1, 0x30ff), (0x3105, 0x312f),
    (0x3131, 0x318e), (0x31a0, 0x31bf), (0x31f0, 0x31ff), (0x3400, 0x4dbf), (0x4e00, 0xa48c), (0xa4d0, 0xa4fd),
    (0xa500, 0xa60c), (0xa610, 0xa62b), (0xa640, 0xa66f), (0xa674, 0xa67d), (0xa67f, 0xa6f1), (0xa717, 0xa71f),
    (0xa722, 0xa788), (0xa78b, 0xa7cd), (0xa7d0, 0xa7d1), (0xa7d3, 0xa7d3), (0xa7d5, 0xa7dc), (0xa7f2, 0xa827),
    (0xa82c, 0xa82c), (0xa840, 0xa873), (0xa880, 0xa8c5), (0xa8d0, 0xa8d9), (0xa8e0, 0xa8f7), (0xa8fb, 0xa8fb),
    (0xa8fd, 0xa92d), (0xa930, 0xa953), (0xa960, 0xa97c), (0xa980, 0xa9c0), (0xa9cf, 0xa9d9), (0xa9e0, 0xa9fe),
    (0xaa00, 0xaa36), (0xaa40, 0xaa4d), (0xaa50, 0xaa59), (0xaa60, 0xaa76), (0xaa7a, 0xaac2), (0xaadb, 0xaadd),
    (0xaae0, 0xaaef), (0xaaf2, 0xaaf6), (0xab01, 0xab06), (0xab09, 0xab0e), (0xab11, 0xab16), (0xab20, 0xab26),
    (0xab28, 0xab2e), (0xab30, 0xab5a), (0xab5c, 0xab69), (0xab70, 0xabea), (0xabec, 0xabed), (0xabf0, 0xabf9),
    (0xac00, 0xd7a3), (0xd7b0, 0xd7c6), (0xd7cb, 0xd7fb), (0xf900, 0xfa6d), (0xfa70, 0xfad9), (0xfb00, 0xfb06),
    (0xfb13, 0xfb17), (0xfb1d, 0xfb28), (0xfb2a, 0xfb36), (0xfb38, 0xfb3c), (0xfb3e, 0xfb3e), (0xfb40, 0xfb41),
    (0xfb43, 0xfb44), (0xfb46, 0xfbb1), (0xfbd3, 0xfc5d), (0xfc64, 0xfd3d), (0xfd50, 0xfd8f), (0xfd92, 0xfdc7),
    (0xfdf0, 0xfdf9), (0xfe00, 0xfe0f), (0xfe20, 0xfe2f), (0xfe33, 0xfe34), (0xfe4d, 0xfe4f), (0xfe71, 0xfe71),
    (0xfe73, 0xfe73), (0xfe77, 0xfe77), (0xfe79, 0xfe79), (0xfe7b, 0xfe7b), (0xfe7d, 0xfe7d), (0xfe7f, 0xfefc),
    (0xff10, 0xff19), (0xff21, 0xff3a), (0xff3f, 0xff3f), (0xff41, 0xff5a), (0xff65, 0xffbe), (0xffc2, 0xffc7),
    (0xffca, 0xffcf), (0xffd2, 0xffd7), (0xffda, 0xffdc), (0x10000, 0x1000b), (0x1000d, 0x10026), (0x10028, 0x1003a),
    (0x1003c, 0x1003d), (0x1003f, 0x1004d), (0x10050, 0x1005d), (0x10080, 0x100fa), (0x10140, 0x10174), (0x101fd, 0x101fd),
    (0x10280, 0x1029c), (0x102a0, 0x102d0), (0x102e0, 0x102e0), (0x10300, 0x1031f), (0x1032d, 0x1034a), (0x10350, 0x1037a),
    (0x10380, 0x1039d), (0x103a0, 0x103c3), (0x103c8, 0x103cf), (0x103d1, 0x103d5), (0x10400, 0x1049d), (0x104a0, 0x104a9),
    (0x104b0, 0x104d3), (0x104d8, 0x104fb), (0x10500, 0x10527), (0x10530, 0x10563), (0x10570, 0x1057a), (0x1057c, 0x1058a),
    (0x1058c, 0x10592), (0x10594, 0x10595), (0x10597, 0x105a1), (0x105a3, 0x105b1), (0x105b3, 0x105b9), (0x105bb, 0x105bc),
    (0x105c0, 0x105f3), (0x10600, 0x10736), (0x10740, 0x10755), (0x10760, 0x10767), (0x10780, 0x10785), (0x10787, 0x107b0),
    (0x107b2, 0x107ba), (0x10800, 0x10805), (0x10808, 0x10808), (0x1080a, 0x10835), (0x10837, 0x10838), (0x1083c, 0x1083c),
    (0x1083f, 0x10855), (0x10860, 0x10876), (0x10880, 0x1089e), (0x108e0, 0x108f2), (0x108f4, 0x108f5), (0x10900, 0x10915),
    (0x10920, 0x10939), (0x10980, 0x109b7), (0x109be, 0x109bf), (0x10a00, 0x10a03), (0x10a05, 0x10a06), (0x10a0c, 0x10a13),
    (0x10a15, 0x10a17), (0x10a19, 0x10a35), (0x10a38, 0x10a3a), (0x10a3f, 0x10a3f), (0x10a60, 0x10a7c), (0x10a80, 0x10a9c),
    (0x10ac0, 0x10ac7), (0x10ac9, 0x10ae6), (0x10b00, 0x10b35), (0x10b40, 0x10b55), (0x10b60, 0x10b72), (0x10b80, 0x10b91),
    (0x10c00, 0x10c48), (0x10c80, 0x10cb2), (0x10cc0, 0x10cf2), (0x10d00, 0x10d27), (0x10d30, 0x10d39), (0x10d40, 0x10d65),
    (0x10d69, 0x10d6d), (0x10d6f, 0x10d85), (0x10e80, 0x10ea9), (0x10eab, 0x10eac), (0x10eb0, 0x10eb1), (0x10ec2, 0x10ec4),
    (0x10efc, 0x10f1c), (0x10f27, 0x10f27), (0x10f30, 0x10f50), (0x10f70, 0x10f85), (0x10fb0, 0x10fc4), (0x10fe0, 0x10ff6),
    (0x11000, 0x11046), (0x11066, 0x11075), (0x1107f, 0x110ba), (0x110c2, 0x110c2), (0x110d0, 0x110e8), (0x110f0, 0x110f9),
    (0x11100, 0x11134), (0x11136, 0x1113f), (0x11144, 0x11147), (0x11150, 0x11173), (0x11176, 0x11176), (0x11180, 0x111c4),
    (0x111c9, 0x111cc), (0x111ce, 0x111da), (0x111dc, 0x111dc), (0x11200, 0x11211), (0x11213, 0x11237), (0x1123e, 0x11241),
    (0x11280, 0x11286), (0x11288, 0x11288), (0x1128a, 0x1128d), (0x1128f, 0x1129d), (0x1129f, 0x112a8), (0x112b0, 0x112ea),
    (0x112f0, 0x112f9), (0x11300, 0x11303), (0x11305, 0x1130c), (0x1130f, 0x11310), (0x11313, 0x11328), (0x1132a, 0x11330),
    (0x11332, 0x11333), (0x11335, 0x11339), (0x1133b, 0x11344), (0x11347, 0x11348), (0x1134b, 0x1134d), (0x11350, 0x11350),
    (0x11357, 0x11357), (0x1135d, 0x11363), (0x11366, 0x1136c), (0x11370, 0x11374), (0x11380, 0x11389), (0x1138b, 0x1138b),
    (0x1138e, 0x1138e), (0x11390, 0x113b5), (0x113b7, 0x113c0), (0x113c2, 0x113c2), (0x113c5, 0x113c5), (0x113c7, 0x113ca),
    (0x113cc, 0x113d3), (0x113e1, 0x113e2), (0x11400, 0x1144a), (0x11450, 0x11459), (0x1145e, 0x11461), (0x11480, 0x114c5),
    (0x114c7, 0x114c7), (0x114d0, 0x114d9), (0x11580, 0x115b5), (0x115b8, 0x115c0), (0x115d8, 0x115dd), (0x11600, 0x11640),
    (0x11644, 0x11644), (0x11650, 0x11659), (0x11680, 0x116b8), (0x116c0, 0x116c9), (0x116d0, 0x116e3), (0x11700, 0x1171a),
    (0x1171d, 0x1172b), (0x11730, 0x11739), (0x11740, 0x11746), (0x11800, 0x1183a), (0x118a0, 0x118e9), (0x118ff, 0x11906),
    (0x11909, 0x11909), (0x1190c, 0x11913), (0x11915, 0x11916), (0x11918, 0x11935), (0x11937, 0x11938), (0x1193b, 0x11943),
    (0x11950, 0x11959), (0x119a0, 0x119a7), (0x119aa, 0x119d7), (0x119da, 0x119e1), (0x119e3, 0x119e4), (0x11a00, 0x11a3e),
    (0x11a47, 0x11a47), (0x11a50, 0x11a99), (0x11a9d, 0x11a9d), (0x11ab0, 0x11af8), (0x11bc0, 0x11be0), (0x11bf0, 0x11bf9),
    (0x11c00, 0x11c08), (0x11c0a, 0x11c36), (0x11c38, 0x11c40), (0x11c50, 0x11c59), (0x11c72, 0x11c8f), (0x11c92, 0x11ca7),
    (0x11ca9, 0x11cb6), (0x11d00, 0x11d06), (0x11d08, 0x11d09), (0x11d0b, 0x11d36), (0x11d3a, 0x11d3a), (0x11d3c, 0x11d3d),
    (0x11d3f, 0x11d47), (0x11d50, 0x11d59), (0x11d60, 0x11d65), (0x11d67, 0x11d68), (0x11d6a, 0x11d8e), (0x11d90, 0x11d91),
    (0x11d93, 0x11d98), (0x11da0, 0x11da9), (0x11ee0, 0x11ef6), (0x11f00, 0x11f10), (0x11f12, 0x11f3a), (0x11f3e, 0x11f42),
    (0x11f50, 0x11f5a), (0x11fb0, 0x11fb0), (0x12000, 0x12399), (0x12400, 0x1246e), (0x12480, 0x12543), (0x12f90, 0x12ff0),
    (0x13000, 0x1342f), (0x13440, 0x13455), (0x13460, 0x143fa), (0x14400, 0x14646), (0x16100, 0x16139), (0x16800, 0x16a38),
    (0x16a40, 0x16a5e), (0x16a60, 0x16a69), (0x16a70, 0x16abe), (0x16ac0, 0x16ac9), (0x16ad0, 0x16aed), (0x16af0, 0x16af4),
    (0x16b00, 0x16b36), (0x16b40, 0x16b43), (0x16b50, 0x16b59), (0x16b63, 0x16b77), (0x16b7d, 0x16b8f), (0x16d40, 0x16d6c),
    (0x16d70, 0x16d79), (0x16e40, 0x16e7f), (0x16f00, 0x16f4a), (0x16f4f, 0x16f87), (0x16f8f, 0x16f9f), (0x16fe0, 0x16fe1),
    (0x16fe3, 0x16fe4), (0x16ff0, 0x16ff1), (0x17000, 0x187f7), (0x18800, 0x18cd5), (0x18cff, 0x18d08), (0x1aff0, 0x1aff3),
    (0x1aff5, 0x1affb), (0x1affd, 0x1affe), (0x1b000, 0x1b122), (0x1b132, 0x1b132), (0x1b150, 0x1b152), (0x1b155, 0x1b155),
    (0x1b164, 0x1b167), (0x1b170, 0x1b2fb), (0x1bc00, 0x1bc6a), (0x1bc70, 0x1bc7c), (0x1bc80, 0x1bc88), (0x1bc90, 0x1bc99),
    (0x1bc9d, 0x1bc9e), (0x1ccf0, 0x1ccf9), (0x1cf00, 0x1cf2d), (0x1cf30, 0x1cf46), (0x1d165, 0x1d169), (0x1d16d, 0x1d172),
    (0x1d17b, 0x1d182), (0x1d185, 0x1d18b), (0x1d1aa, 0x1d1ad), (0x1d242, 0x1d244), (0x1d400, 0x1d454), (0x1d456, 0x1d49c),
    (0x1d49e, 0x1d49f), (0x1d4a2, 0x1d4a2), (0x1d4a5, 0x1d4a6), (0x1d4a9, 0x1d4ac), (0x1d4ae, 0x1d4b9), (0x1d4bb, 0x1d4bb),
    (0x1d4bd, 0x1d4c3), (0x1d4c5, 0x1d505), (0x1d507, 0x1d50a), (0x1d50d, 0x1d514), (0x1d516, 0x1d51c), (0x1d51e, 0x1d539),
    (0x1d53b, 0x1d53e), (0x1d540, 0x1d544), (0x1d546, 0x1d546), (0x1d54a, 0x1d550), (0x1d552, 0x1d6a5), (0x1d6a8, 0x1d6c0),
    (0x1d6c2, 0x1d6da), (0x1d6dc, 0x1d6fa), (0x1d6fc, 0x1d714), (0x1d716, 0x1d734), (0x1d736, 0x1d74e), (0x1d750, 0x1d76e),
    (0x1d770, 0x1d788), (0x1d78a, 0x1d7a8), (0x1d7aa, 0x1d7c2), (0x1d7c4, 0x1d7cb), (0x1d7ce, 0x1d7ff), (0x1da00, 0x1da36),
    (0x1da3b, 0x1da6c), (0x1da75, 0x1da75), (0x1da84, 0x1da84), (0x1da9b, 0x1da9f), (0x1daa1, 0x1daaf), (0x1df00, 0x1df1e),
    (0x1df25, 0x1df2a), (0x1e000, 0x1e006), (0x1e008, 0x1e018), (0x1e01b, 0x1e021), (0x1e023, 0x1e024), (0x1e026, 0x1e02a),
    (0x1e030, 0x1e06d), (0x1e08f, 0x1e08f), (0x1e100, 0x1e12c), (0x1e130, 0x1e13d), (0x1e140, 0x1e149), (0x1e14e, 0x1e14e),
    (0x1e290, 0x1e2ae), (0x1e2c0, 0x1e2f9), (0x1e4d0, 0x1e4f9), (0x1e5d0, 0x1e5fa), (0x1e7e0, 0x1e7e6), (0x1e7e8, 0x1e7eb),
    (0x1e7ed, 0x1e7ee), (0x1e7f0, 0x1e7fe), (0x1e800, 0x1e8c4), (0x1e8d0, 0x1e8d6), (0x1e900, 0x1e94b), (0x1e950, 0x1e959),
    (0x1ee00, 0x1ee03), (0x1ee05, 0x1ee1f), (0x1ee21, 0x1ee22), (0x1ee24, 0x1ee24), (0x1ee27, 0x1ee27), (0x1ee29, 0x1ee32),
    (0x1ee34, 0x1ee37), (0x1ee39, 0x1ee39), (0x1ee3b, 0x1ee3b), (0x1ee42, 0x1ee42), (0x1ee47, 0x1ee47), (0x1ee49, 0x1ee49),
    (0x1ee4b, 0x1ee4b), (0x1ee4d, 0x1ee4f), (0x1ee51, 0x1ee52), (0x1ee54, 0x1ee54), (0x1ee57, 0x1ee57), (0x1ee59, 0x1ee59),
    (0x1ee5b, 0x1ee5b), (0x1ee5d, 0x1ee5d), (0x1ee5f, 0x1ee5f), (0x1ee61, 0x1ee62), (0x1ee64, 0x1ee64), (0x1ee67, 0x1ee6a),
    (0x1ee6c, 0x1ee72), (0x1ee74, 0x1ee77), (0x1ee79, 0x1ee7c), (0x1ee7e, 0x1ee7e), (0x1ee80, 0x1ee89), (0x1ee8b, 0x1ee9b),
    (0x1eea1, 0x1eea3), (0x1eea5, 0x1eea9), (0x1eeab, 0x1eebb), (0x1fbf0, 0x1fbf9), (0x20000, 0x2a6df), (0x2a700, 0x2b739),
    (0x2b740, 0x2b81d), (0x2b820, 0x2cea1), (0x2ceb0, 0x2ebe0), (0x2ebf0, 0x2ee5d), (0x2f800, 0x2fa1d), (0x30000, 0x3134a),
    (0x31350, 0x323af), (0xe0100, 0xe01ef),
];

/// The decimal digit value (0-9) of `c` when it has Numeric_Type=Decimal
/// (general category Nd), or `None` otherwise.
///
/// CPython's int() and float() replace such characters with their ASCII
/// equivalents before parsing; the expression language's int()/float()
/// use this to do the same. Every DECIMAL range is a whole number of
/// zero-aligned 0-9 runs (verified by the generator), so the value is
/// `(cp - range_start) % 10`.
pub fn decimal_digit_value(c: char) -> Option<u32> {
    let cp = c as u32;
    DECIMAL
        .binary_search_by(|&(start, end)| {
            if end < cp {
                std::cmp::Ordering::Less
            } else if start > cp {
                std::cmp::Ordering::Greater
            } else {
                std::cmp::Ordering::Equal
            }
        })
        .ok()
        .map(|i| (cp - DECIMAL[i].0) % 10)
}

/// Full titlecase mappings (ToTitleFull) where titlecase(c) != c,
/// probed as CPython's single-character str.title() result. Sorted by
/// code point for binary search.
#[rustfmt::skip]
pub static TITLE_MAP: &[(u32, &str)] = &[
    (0x61, "\u{41}"), (0x62, "\u{42}"), (0x63, "\u{43}"), (0x64, "\u{44}"),
    (0x65, "\u{45}"), (0x66, "\u{46}"), (0x67, "\u{47}"), (0x68, "\u{48}"),
    (0x69, "\u{49}"), (0x6a, "\u{4a}"), (0x6b, "\u{4b}"), (0x6c, "\u{4c}"),
    (0x6d, "\u{4d}"), (0x6e, "\u{4e}"), (0x6f, "\u{4f}"), (0x70, "\u{50}"),
    (0x71, "\u{51}"), (0x72, "\u{52}"), (0x73, "\u{53}"), (0x74, "\u{54}"),
    (0x75, "\u{55}"), (0x76, "\u{56}"), (0x77, "\u{57}"), (0x78, "\u{58}"),
    (0x79, "\u{59}"), (0x7a, "\u{5a}"), (0xb5, "\u{39c}"), (0xdf, "\u{53}\u{73}"),
    (0xe0, "\u{c0}"), (0xe1, "\u{c1}"), (0xe2, "\u{c2}"), (0xe3, "\u{c3}"),
    (0xe4, "\u{c4}"), (0xe5, "\u{c5}"), (0xe6, "\u{c6}"), (0xe7, "\u{c7}"),
    (0xe8, "\u{c8}"), (0xe9, "\u{c9}"), (0xea, "\u{ca}"), (0xeb, "\u{cb}"),
    (0xec, "\u{cc}"), (0xed, "\u{cd}"), (0xee, "\u{ce}"), (0xef, "\u{cf}"),
    (0xf0, "\u{d0}"), (0xf1, "\u{d1}"), (0xf2, "\u{d2}"), (0xf3, "\u{d3}"),
    (0xf4, "\u{d4}"), (0xf5, "\u{d5}"), (0xf6, "\u{d6}"), (0xf8, "\u{d8}"),
    (0xf9, "\u{d9}"), (0xfa, "\u{da}"), (0xfb, "\u{db}"), (0xfc, "\u{dc}"),
    (0xfd, "\u{dd}"), (0xfe, "\u{de}"), (0xff, "\u{178}"), (0x101, "\u{100}"),
    (0x103, "\u{102}"), (0x105, "\u{104}"), (0x107, "\u{106}"), (0x109, "\u{108}"),
    (0x10b, "\u{10a}"), (0x10d, "\u{10c}"), (0x10f, "\u{10e}"), (0x111, "\u{110}"),
    (0x113, "\u{112}"), (0x115, "\u{114}"), (0x117, "\u{116}"), (0x119, "\u{118}"),
    (0x11b, "\u{11a}"), (0x11d, "\u{11c}"), (0x11f, "\u{11e}"), (0x121, "\u{120}"),
    (0x123, "\u{122}"), (0x125, "\u{124}"), (0x127, "\u{126}"), (0x129, "\u{128}"),
    (0x12b, "\u{12a}"), (0x12d, "\u{12c}"), (0x12f, "\u{12e}"), (0x131, "\u{49}"),
    (0x133, "\u{132}"), (0x135, "\u{134}"), (0x137, "\u{136}"), (0x13a, "\u{139}"),
    (0x13c, "\u{13b}"), (0x13e, "\u{13d}"), (0x140, "\u{13f}"), (0x142, "\u{141}"),
    (0x144, "\u{143}"), (0x146, "\u{145}"), (0x148, "\u{147}"), (0x149, "\u{2bc}\u{4e}"),
    (0x14b, "\u{14a}"), (0x14d, "\u{14c}"), (0x14f, "\u{14e}"), (0x151, "\u{150}"),
    (0x153, "\u{152}"), (0x155, "\u{154}"), (0x157, "\u{156}"), (0x159, "\u{158}"),
    (0x15b, "\u{15a}"), (0x15d, "\u{15c}"), (0x15f, "\u{15e}"), (0x161, "\u{160}"),
    (0x163, "\u{162}"), (0x165, "\u{164}"), (0x167, "\u{166}"), (0x169, "\u{168}"),
    (0x16b, "\u{16a}"), (0x16d, "\u{16c}"), (0x16f, "\u{16e}"), (0x171, "\u{170}"),
    (0x173, "\u{172}"), (0x175, "\u{174}"), (0x177, "\u{176}"), (0x17a, "\u{179}"),
    (0x17c, "\u{17b}"), (0x17e, "\u{17d}"), (0x17f, "\u{53}"), (0x180, "\u{243}"),
    (0x183, "\u{182}"), (0x185, "\u{184}"), (0x188, "\u{187}"), (0x18c, "\u{18b}"),
    (0x192, "\u{191}"), (0x195, "\u{1f6}"), (0x199, "\u{198}"), (0x19a, "\u{23d}"),
    (0x19b, "\u{a7dc}"), (0x19e, "\u{220}"), (0x1a1, "\u{1a0}"), (0x1a3, "\u{1a2}"),
    (0x1a5, "\u{1a4}"), (0x1a8, "\u{1a7}"), (0x1ad, "\u{1ac}"), (0x1b0, "\u{1af}"),
    (0x1b4, "\u{1b3}"), (0x1b6, "\u{1b5}"), (0x1b9, "\u{1b8}"), (0x1bd, "\u{1bc}"),
    (0x1bf, "\u{1f7}"), (0x1c4, "\u{1c5}"), (0x1c6, "\u{1c5}"), (0x1c7, "\u{1c8}"),
    (0x1c9, "\u{1c8}"), (0x1ca, "\u{1cb}"), (0x1cc, "\u{1cb}"), (0x1ce, "\u{1cd}"),
    (0x1d0, "\u{1cf}"), (0x1d2, "\u{1d1}"), (0x1d4, "\u{1d3}"), (0x1d6, "\u{1d5}"),
    (0x1d8, "\u{1d7}"), (0x1da, "\u{1d9}"), (0x1dc, "\u{1db}"), (0x1dd, "\u{18e}"),
    (0x1df, "\u{1de}"), (0x1e1, "\u{1e0}"), (0x1e3, "\u{1e2}"), (0x1e5, "\u{1e4}"),
    (0x1e7, "\u{1e6}"), (0x1e9, "\u{1e8}"), (0x1eb, "\u{1ea}"), (0x1ed, "\u{1ec}"),
    (0x1ef, "\u{1ee}"), (0x1f0, "\u{4a}\u{30c}"), (0x1f1, "\u{1f2}"), (0x1f3, "\u{1f2}"),
    (0x1f5, "\u{1f4}"), (0x1f9, "\u{1f8}"), (0x1fb, "\u{1fa}"), (0x1fd, "\u{1fc}"),
    (0x1ff, "\u{1fe}"), (0x201, "\u{200}"), (0x203, "\u{202}"), (0x205, "\u{204}"),
    (0x207, "\u{206}"), (0x209, "\u{208}"), (0x20b, "\u{20a}"), (0x20d, "\u{20c}"),
    (0x20f, "\u{20e}"), (0x211, "\u{210}"), (0x213, "\u{212}"), (0x215, "\u{214}"),
    (0x217, "\u{216}"), (0x219, "\u{218}"), (0x21b, "\u{21a}"), (0x21d, "\u{21c}"),
    (0x21f, "\u{21e}"), (0x223, "\u{222}"), (0x225, "\u{224}"), (0x227, "\u{226}"),
    (0x229, "\u{228}"), (0x22b, "\u{22a}"), (0x22d, "\u{22c}"), (0x22f, "\u{22e}"),
    (0x231, "\u{230}"), (0x233, "\u{232}"), (0x23c, "\u{23b}"), (0x23f, "\u{2c7e}"),
    (0x240, "\u{2c7f}"), (0x242, "\u{241}"), (0x247, "\u{246}"), (0x249, "\u{248}"),
    (0x24b, "\u{24a}"), (0x24d, "\u{24c}"), (0x24f, "\u{24e}"), (0x250, "\u{2c6f}"),
    (0x251, "\u{2c6d}"), (0x252, "\u{2c70}"), (0x253, "\u{181}"), (0x254, "\u{186}"),
    (0x256, "\u{189}"), (0x257, "\u{18a}"), (0x259, "\u{18f}"), (0x25b, "\u{190}"),
    (0x25c, "\u{a7ab}"), (0x260, "\u{193}"), (0x261, "\u{a7ac}"), (0x263, "\u{194}"),
    (0x264, "\u{a7cb}"), (0x265, "\u{a78d}"), (0x266, "\u{a7aa}"), (0x268, "\u{197}"),
    (0x269, "\u{196}"), (0x26a, "\u{a7ae}"), (0x26b, "\u{2c62}"), (0x26c, "\u{a7ad}"),
    (0x26f, "\u{19c}"), (0x271, "\u{2c6e}"), (0x272, "\u{19d}"), (0x275, "\u{19f}"),
    (0x27d, "\u{2c64}"), (0x280, "\u{1a6}"), (0x282, "\u{a7c5}"), (0x283, "\u{1a9}"),
    (0x287, "\u{a7b1}"), (0x288, "\u{1ae}"), (0x289, "\u{244}"), (0x28a, "\u{1b1}"),
    (0x28b, "\u{1b2}"), (0x28c, "\u{245}"), (0x292, "\u{1b7}"), (0x29d, "\u{a7b2}"),
    (0x29e, "\u{a7b0}"), (0x345, "\u{399}"), (0x371, "\u{370}"), (0x373, "\u{372}"),
    (0x377, "\u{376}"), (0x37b, "\u{3fd}"), (0x37c, "\u{3fe}"), (0x37d, "\u{3ff}"),
    (0x390, "\u{399}\u{308}\u{301}"), (0x3ac, "\u{386}"), (0x3ad, "\u{388}"), (0x3ae, "\u{389}"),
    (0x3af, "\u{38a}"), (0x3b0, "\u{3a5}\u{308}\u{301}"), (0x3b1, "\u{391}"), (0x3b2, "\u{392}"),
    (0x3b3, "\u{393}"), (0x3b4, "\u{394}"), (0x3b5, "\u{395}"), (0x3b6, "\u{396}"),
    (0x3b7, "\u{397}"), (0x3b8, "\u{398}"), (0x3b9, "\u{399}"), (0x3ba, "\u{39a}"),
    (0x3bb, "\u{39b}"), (0x3bc, "\u{39c}"), (0x3bd, "\u{39d}"), (0x3be, "\u{39e}"),
    (0x3bf, "\u{39f}"), (0x3c0, "\u{3a0}"), (0x3c1, "\u{3a1}"), (0x3c2, "\u{3a3}"),
    (0x3c3, "\u{3a3}"), (0x3c4, "\u{3a4}"), (0x3c5, "\u{3a5}"), (0x3c6, "\u{3a6}"),
    (0x3c7, "\u{3a7}"), (0x3c8, "\u{3a8}"), (0x3c9, "\u{3a9}"), (0x3ca, "\u{3aa}"),
    (0x3cb, "\u{3ab}"), (0x3cc, "\u{38c}"), (0x3cd, "\u{38e}"), (0x3ce, "\u{38f}"),
    (0x3d0, "\u{392}"), (0x3d1, "\u{398}"), (0x3d5, "\u{3a6}"), (0x3d6, "\u{3a0}"),
    (0x3d7, "\u{3cf}"), (0x3d9, "\u{3d8}"), (0x3db, "\u{3da}"), (0x3dd, "\u{3dc}"),
    (0x3df, "\u{3de}"), (0x3e1, "\u{3e0}"), (0x3e3, "\u{3e2}"), (0x3e5, "\u{3e4}"),
    (0x3e7, "\u{3e6}"), (0x3e9, "\u{3e8}"), (0x3eb, "\u{3ea}"), (0x3ed, "\u{3ec}"),
    (0x3ef, "\u{3ee}"), (0x3f0, "\u{39a}"), (0x3f1, "\u{3a1}"), (0x3f2, "\u{3f9}"),
    (0x3f3, "\u{37f}"), (0x3f5, "\u{395}"), (0x3f8, "\u{3f7}"), (0x3fb, "\u{3fa}"),
    (0x430, "\u{410}"), (0x431, "\u{411}"), (0x432, "\u{412}"), (0x433, "\u{413}"),
    (0x434, "\u{414}"), (0x435, "\u{415}"), (0x436, "\u{416}"), (0x437, "\u{417}"),
    (0x438, "\u{418}"), (0x439, "\u{419}"), (0x43a, "\u{41a}"), (0x43b, "\u{41b}"),
    (0x43c, "\u{41c}"), (0x43d, "\u{41d}"), (0x43e, "\u{41e}"), (0x43f, "\u{41f}"),
    (0x440, "\u{420}"), (0x441, "\u{421}"), (0x442, "\u{422}"), (0x443, "\u{423}"),
    (0x444, "\u{424}"), (0x445, "\u{425}"), (0x446, "\u{426}"), (0x447, "\u{427}"),
    (0x448, "\u{428}"), (0x449, "\u{429}"), (0x44a, "\u{42a}"), (0x44b, "\u{42b}"),
    (0x44c, "\u{42c}"), (0x44d, "\u{42d}"), (0x44e, "\u{42e}"), (0x44f, "\u{42f}"),
    (0x450, "\u{400}"), (0x451, "\u{401}"), (0x452, "\u{402}"), (0x453, "\u{403}"),
    (0x454, "\u{404}"), (0x455, "\u{405}"), (0x456, "\u{406}"), (0x457, "\u{407}"),
    (0x458, "\u{408}"), (0x459, "\u{409}"), (0x45a, "\u{40a}"), (0x45b, "\u{40b}"),
    (0x45c, "\u{40c}"), (0x45d, "\u{40d}"), (0x45e, "\u{40e}"), (0x45f, "\u{40f}"),
    (0x461, "\u{460}"), (0x463, "\u{462}"), (0x465, "\u{464}"), (0x467, "\u{466}"),
    (0x469, "\u{468}"), (0x46b, "\u{46a}"), (0x46d, "\u{46c}"), (0x46f, "\u{46e}"),
    (0x471, "\u{470}"), (0x473, "\u{472}"), (0x475, "\u{474}"), (0x477, "\u{476}"),
    (0x479, "\u{478}"), (0x47b, "\u{47a}"), (0x47d, "\u{47c}"), (0x47f, "\u{47e}"),
    (0x481, "\u{480}"), (0x48b, "\u{48a}"), (0x48d, "\u{48c}"), (0x48f, "\u{48e}"),
    (0x491, "\u{490}"), (0x493, "\u{492}"), (0x495, "\u{494}"), (0x497, "\u{496}"),
    (0x499, "\u{498}"), (0x49b, "\u{49a}"), (0x49d, "\u{49c}"), (0x49f, "\u{49e}"),
    (0x4a1, "\u{4a0}"), (0x4a3, "\u{4a2}"), (0x4a5, "\u{4a4}"), (0x4a7, "\u{4a6}"),
    (0x4a9, "\u{4a8}"), (0x4ab, "\u{4aa}"), (0x4ad, "\u{4ac}"), (0x4af, "\u{4ae}"),
    (0x4b1, "\u{4b0}"), (0x4b3, "\u{4b2}"), (0x4b5, "\u{4b4}"), (0x4b7, "\u{4b6}"),
    (0x4b9, "\u{4b8}"), (0x4bb, "\u{4ba}"), (0x4bd, "\u{4bc}"), (0x4bf, "\u{4be}"),
    (0x4c2, "\u{4c1}"), (0x4c4, "\u{4c3}"), (0x4c6, "\u{4c5}"), (0x4c8, "\u{4c7}"),
    (0x4ca, "\u{4c9}"), (0x4cc, "\u{4cb}"), (0x4ce, "\u{4cd}"), (0x4cf, "\u{4c0}"),
    (0x4d1, "\u{4d0}"), (0x4d3, "\u{4d2}"), (0x4d5, "\u{4d4}"), (0x4d7, "\u{4d6}"),
    (0x4d9, "\u{4d8}"), (0x4db, "\u{4da}"), (0x4dd, "\u{4dc}"), (0x4df, "\u{4de}"),
    (0x4e1, "\u{4e0}"), (0x4e3, "\u{4e2}"), (0x4e5, "\u{4e4}"), (0x4e7, "\u{4e6}"),
    (0x4e9, "\u{4e8}"), (0x4eb, "\u{4ea}"), (0x4ed, "\u{4ec}"), (0x4ef, "\u{4ee}"),
    (0x4f1, "\u{4f0}"), (0x4f3, "\u{4f2}"), (0x4f5, "\u{4f4}"), (0x4f7, "\u{4f6}"),
    (0x4f9, "\u{4f8}"), (0x4fb, "\u{4fa}"), (0x4fd, "\u{4fc}"), (0x4ff, "\u{4fe}"),
    (0x501, "\u{500}"), (0x503, "\u{502}"), (0x505, "\u{504}"), (0x507, "\u{506}"),
    (0x509, "\u{508}"), (0x50b, "\u{50a}"), (0x50d, "\u{50c}"), (0x50f, "\u{50e}"),
    (0x511, "\u{510}"), (0x513, "\u{512}"), (0x515, "\u{514}"), (0x517, "\u{516}"),
    (0x519, "\u{518}"), (0x51b, "\u{51a}"), (0x51d, "\u{51c}"), (0x51f, "\u{51e}"),
    (0x521, "\u{520}"), (0x523, "\u{522}"), (0x525, "\u{524}"), (0x527, "\u{526}"),
    (0x529, "\u{528}"), (0x52b, "\u{52a}"), (0x52d, "\u{52c}"), (0x52f, "\u{52e}"),
    (0x561, "\u{531}"), (0x562, "\u{532}"), (0x563, "\u{533}"), (0x564, "\u{534}"),
    (0x565, "\u{535}"), (0x566, "\u{536}"), (0x567, "\u{537}"), (0x568, "\u{538}"),
    (0x569, "\u{539}"), (0x56a, "\u{53a}"), (0x56b, "\u{53b}"), (0x56c, "\u{53c}"),
    (0x56d, "\u{53d}"), (0x56e, "\u{53e}"), (0x56f, "\u{53f}"), (0x570, "\u{540}"),
    (0x571, "\u{541}"), (0x572, "\u{542}"), (0x573, "\u{543}"), (0x574, "\u{544}"),
    (0x575, "\u{545}"), (0x576, "\u{546}"), (0x577, "\u{547}"), (0x578, "\u{548}"),
    (0x579, "\u{549}"), (0x57a, "\u{54a}"), (0x57b, "\u{54b}"), (0x57c, "\u{54c}"),
    (0x57d, "\u{54d}"), (0x57e, "\u{54e}"), (0x57f, "\u{54f}"), (0x580, "\u{550}"),
    (0x581, "\u{551}"), (0x582, "\u{552}"), (0x583, "\u{553}"), (0x584, "\u{554}"),
    (0x585, "\u{555}"), (0x586, "\u{556}"), (0x587, "\u{535}\u{582}"), (0x13f8, "\u{13f0}"),
    (0x13f9, "\u{13f1}"), (0x13fa, "\u{13f2}"), (0x13fb, "\u{13f3}"), (0x13fc, "\u{13f4}"),
    (0x13fd, "\u{13f5}"), (0x1c80, "\u{412}"), (0x1c81, "\u{414}"), (0x1c82, "\u{41e}"),
    (0x1c83, "\u{421}"), (0x1c84, "\u{422}"), (0x1c85, "\u{422}"), (0x1c86, "\u{42a}"),
    (0x1c87, "\u{462}"), (0x1c88, "\u{a64a}"), (0x1c8a, "\u{1c89}"), (0x1d79, "\u{a77d}"),
    (0x1d7d, "\u{2c63}"), (0x1d8e, "\u{a7c6}"), (0x1e01, "\u{1e00}"), (0x1e03, "\u{1e02}"),
    (0x1e05, "\u{1e04}"), (0x1e07, "\u{1e06}"), (0x1e09, "\u{1e08}"), (0x1e0b, "\u{1e0a}"),
    (0x1e0d, "\u{1e0c}"), (0x1e0f, "\u{1e0e}"), (0x1e11, "\u{1e10}"), (0x1e13, "\u{1e12}"),
    (0x1e15, "\u{1e14}"), (0x1e17, "\u{1e16}"), (0x1e19, "\u{1e18}"), (0x1e1b, "\u{1e1a}"),
    (0x1e1d, "\u{1e1c}"), (0x1e1f, "\u{1e1e}"), (0x1e21, "\u{1e20}"), (0x1e23, "\u{1e22}"),
    (0x1e25, "\u{1e24}"), (0x1e27, "\u{1e26}"), (0x1e29, "\u{1e28}"), (0x1e2b, "\u{1e2a}"),
    (0x1e2d, "\u{1e2c}"), (0x1e2f, "\u{1e2e}"), (0x1e31, "\u{1e30}"), (0x1e33, "\u{1e32}"),
    (0x1e35, "\u{1e34}"), (0x1e37, "\u{1e36}"), (0x1e39, "\u{1e38}"), (0x1e3b, "\u{1e3a}"),
    (0x1e3d, "\u{1e3c}"), (0x1e3f, "\u{1e3e}"), (0x1e41, "\u{1e40}"), (0x1e43, "\u{1e42}"),
    (0x1e45, "\u{1e44}"), (0x1e47, "\u{1e46}"), (0x1e49, "\u{1e48}"), (0x1e4b, "\u{1e4a}"),
    (0x1e4d, "\u{1e4c}"), (0x1e4f, "\u{1e4e}"), (0x1e51, "\u{1e50}"), (0x1e53, "\u{1e52}"),
    (0x1e55, "\u{1e54}"), (0x1e57, "\u{1e56}"), (0x1e59, "\u{1e58}"), (0x1e5b, "\u{1e5a}"),
    (0x1e5d, "\u{1e5c}"), (0x1e5f, "\u{1e5e}"), (0x1e61, "\u{1e60}"), (0x1e63, "\u{1e62}"),
    (0x1e65, "\u{1e64}"), (0x1e67, "\u{1e66}"), (0x1e69, "\u{1e68}"), (0x1e6b, "\u{1e6a}"),
    (0x1e6d, "\u{1e6c}"), (0x1e6f, "\u{1e6e}"), (0x1e71, "\u{1e70}"), (0x1e73, "\u{1e72}"),
    (0x1e75, "\u{1e74}"), (0x1e77, "\u{1e76}"), (0x1e79, "\u{1e78}"), (0x1e7b, "\u{1e7a}"),
    (0x1e7d, "\u{1e7c}"), (0x1e7f, "\u{1e7e}"), (0x1e81, "\u{1e80}"), (0x1e83, "\u{1e82}"),
    (0x1e85, "\u{1e84}"), (0x1e87, "\u{1e86}"), (0x1e89, "\u{1e88}"), (0x1e8b, "\u{1e8a}"),
    (0x1e8d, "\u{1e8c}"), (0x1e8f, "\u{1e8e}"), (0x1e91, "\u{1e90}"), (0x1e93, "\u{1e92}"),
    (0x1e95, "\u{1e94}"), (0x1e96, "\u{48}\u{331}"), (0x1e97, "\u{54}\u{308}"), (0x1e98, "\u{57}\u{30a}"),
    (0x1e99, "\u{59}\u{30a}"), (0x1e9a, "\u{41}\u{2be}"), (0x1e9b, "\u{1e60}"), (0x1ea1, "\u{1ea0}"),
    (0x1ea3, "\u{1ea2}"), (0x1ea5, "\u{1ea4}"), (0x1ea7, "\u{1ea6}"), (0x1ea9, "\u{1ea8}"),
    (0x1eab, "\u{1eaa}"), (0x1ead, "\u{1eac}"), (0x1eaf, "\u{1eae}"), (0x1eb1, "\u{1eb0}"),
    (0x1eb3, "\u{1eb2}"), (0x1eb5, "\u{1eb4}"), (0x1eb7, "\u{1eb6}"), (0x1eb9, "\u{1eb8}"),
    (0x1ebb, "\u{1eba}"), (0x1ebd, "\u{1ebc}"), (0x1ebf, "\u{1ebe}"), (0x1ec1, "\u{1ec0}"),
    (0x1ec3, "\u{1ec2}"), (0x1ec5, "\u{1ec4}"), (0x1ec7, "\u{1ec6}"), (0x1ec9, "\u{1ec8}"),
    (0x1ecb, "\u{1eca}"), (0x1ecd, "\u{1ecc}"), (0x1ecf, "\u{1ece}"), (0x1ed1, "\u{1ed0}"),
    (0x1ed3, "\u{1ed2}"), (0x1ed5, "\u{1ed4}"), (0x1ed7, "\u{1ed6}"), (0x1ed9, "\u{1ed8}"),
    (0x1edb, "\u{1eda}"), (0x1edd, "\u{1edc}"), (0x1edf, "\u{1ede}"), (0x1ee1, "\u{1ee0}"),
    (0x1ee3, "\u{1ee2}"), (0x1ee5, "\u{1ee4}"), (0x1ee7, "\u{1ee6}"), (0x1ee9, "\u{1ee8}"),
    (0x1eeb, "\u{1eea}"), (0x1eed, "\u{1eec}"), (0x1eef, "\u{1eee}"), (0x1ef1, "\u{1ef0}"),
    (0x1ef3, "\u{1ef2}"), (0x1ef5, "\u{1ef4}"), (0x1ef7, "\u{1ef6}"), (0x1ef9, "\u{1ef8}"),
    (0x1efb, "\u{1efa}"), (0x1efd, "\u{1efc}"), (0x1eff, "\u{1efe}"), (0x1f00, "\u{1f08}"),
    (0x1f01, "\u{1f09}"), (0x1f02, "\u{1f0a}"), (0x1f03, "\u{1f0b}"), (0x1f04, "\u{1f0c}"),
    (0x1f05, "\u{1f0d}"), (0x1f06, "\u{1f0e}"), (0x1f07, "\u{1f0f}"), (0x1f10, "\u{1f18}"),
    (0x1f11, "\u{1f19}"), (0x1f12, "\u{1f1a}"), (0x1f13, "\u{1f1b}"), (0x1f14, "\u{1f1c}"),
    (0x1f15, "\u{1f1d}"), (0x1f20, "\u{1f28}"), (0x1f21, "\u{1f29}"), (0x1f22, "\u{1f2a}"),
    (0x1f23, "\u{1f2b}"), (0x1f24, "\u{1f2c}"), (0x1f25, "\u{1f2d}"), (0x1f26, "\u{1f2e}"),
    (0x1f27, "\u{1f2f}"), (0x1f30, "\u{1f38}"), (0x1f31, "\u{1f39}"), (0x1f32, "\u{1f3a}"),
    (0x1f33, "\u{1f3b}"), (0x1f34, "\u{1f3c}"), (0x1f35, "\u{1f3d}"), (0x1f36, "\u{1f3e}"),
    (0x1f37, "\u{1f3f}"), (0x1f40, "\u{1f48}"), (0x1f41, "\u{1f49}"), (0x1f42, "\u{1f4a}"),
    (0x1f43, "\u{1f4b}"), (0x1f44, "\u{1f4c}"), (0x1f45, "\u{1f4d}"), (0x1f50, "\u{3a5}\u{313}"),
    (0x1f51, "\u{1f59}"), (0x1f52, "\u{3a5}\u{313}\u{300}"), (0x1f53, "\u{1f5b}"), (0x1f54, "\u{3a5}\u{313}\u{301}"),
    (0x1f55, "\u{1f5d}"), (0x1f56, "\u{3a5}\u{313}\u{342}"), (0x1f57, "\u{1f5f}"), (0x1f60, "\u{1f68}"),
    (0x1f61, "\u{1f69}"), (0x1f62, "\u{1f6a}"), (0x1f63, "\u{1f6b}"), (0x1f64, "\u{1f6c}"),
    (0x1f65, "\u{1f6d}"), (0x1f66, "\u{1f6e}"), (0x1f67, "\u{1f6f}"), (0x1f70, "\u{1fba}"),
    (0x1f71, "\u{1fbb}"), (0x1f72, "\u{1fc8}"), (0x1f73, "\u{1fc9}"), (0x1f74, "\u{1fca}"),
    (0x1f75, "\u{1fcb}"), (0x1f76, "\u{1fda}"), (0x1f77, "\u{1fdb}"), (0x1f78, "\u{1ff8}"),
    (0x1f79, "\u{1ff9}"), (0x1f7a, "\u{1fea}"), (0x1f7b, "\u{1feb}"), (0x1f7c, "\u{1ffa}"),
    (0x1f7d, "\u{1ffb}"), (0x1f80, "\u{1f88}"), (0x1f81, "\u{1f89}"), (0x1f82, "\u{1f8a}"),
    (0x1f83, "\u{1f8b}"), (0x1f84, "\u{1f8c}"), (0x1f85, "\u{1f8d}"), (0x1f86, "\u{1f8e}"),
    (0x1f87, "\u{1f8f}"), (0x1f90, "\u{1f98}"), (0x1f91, "\u{1f99}"), (0x1f92, "\u{1f9a}"),
    (0x1f93, "\u{1f9b}"), (0x1f94, "\u{1f9c}"), (0x1f95, "\u{1f9d}"), (0x1f96, "\u{1f9e}"),
    (0x1f97, "\u{1f9f}"), (0x1fa0, "\u{1fa8}"), (0x1fa1, "\u{1fa9}"), (0x1fa2, "\u{1faa}"),
    (0x1fa3, "\u{1fab}"), (0x1fa4, "\u{1fac}"), (0x1fa5, "\u{1fad}"), (0x1fa6, "\u{1fae}"),
    (0x1fa7, "\u{1faf}"), (0x1fb0, "\u{1fb8}"), (0x1fb1, "\u{1fb9}"), (0x1fb2, "\u{1fba}\u{345}"),
    (0x1fb3, "\u{1fbc}"), (0x1fb4, "\u{386}\u{345}"), (0x1fb6, "\u{391}\u{342}"), (0x1fb7, "\u{391}\u{342}\u{345}"),
    (0x1fbe, "\u{399}"), (0x1fc2, "\u{1fca}\u{345}"), (0x1fc3, "\u{1fcc}"), (0x1fc4, "\u{389}\u{345}"),
    (0x1fc6, "\u{397}\u{342}"), (0x1fc7, "\u{397}\u{342}\u{345}"), (0x1fd0, "\u{1fd8}"), (0x1fd1, "\u{1fd9}"),
    (0x1fd2, "\u{399}\u{308}\u{300}"), (0x1fd3, "\u{399}\u{308}\u{301}"), (0x1fd6, "\u{399}\u{342}"), (0x1fd7, "\u{399}\u{308}\u{342}"),
    (0x1fe0, "\u{1fe8}"), (0x1fe1, "\u{1fe9}"), (0x1fe2, "\u{3a5}\u{308}\u{300}"), (0x1fe3, "\u{3a5}\u{308}\u{301}"),
    (0x1fe4, "\u{3a1}\u{313}"), (0x1fe5, "\u{1fec}"), (0x1fe6, "\u{3a5}\u{342}"), (0x1fe7, "\u{3a5}\u{308}\u{342}"),
    (0x1ff2, "\u{1ffa}\u{345}"), (0x1ff3, "\u{1ffc}"), (0x1ff4, "\u{38f}\u{345}"), (0x1ff6, "\u{3a9}\u{342}"),
    (0x1ff7, "\u{3a9}\u{342}\u{345}"), (0x214e, "\u{2132}"), (0x2170, "\u{2160}"), (0x2171, "\u{2161}"),
    (0x2172, "\u{2162}"), (0x2173, "\u{2163}"), (0x2174, "\u{2164}"), (0x2175, "\u{2165}"),
    (0x2176, "\u{2166}"), (0x2177, "\u{2167}"), (0x2178, "\u{2168}"), (0x2179, "\u{2169}"),
    (0x217a, "\u{216a}"), (0x217b, "\u{216b}"), (0x217c, "\u{216c}"), (0x217d, "\u{216d}"),
    (0x217e, "\u{216e}"), (0x217f, "\u{216f}"), (0x2184, "\u{2183}"), (0x24d0, "\u{24b6}"),
    (0x24d1, "\u{24b7}"), (0x24d2, "\u{24b8}"), (0x24d3, "\u{24b9}"), (0x24d4, "\u{24ba}"),
    (0x24d5, "\u{24bb}"), (0x24d6, "\u{24bc}"), (0x24d7, "\u{24bd}"), (0x24d8, "\u{24be}"),
    (0x24d9, "\u{24bf}"), (0x24da, "\u{24c0}"), (0x24db, "\u{24c1}"), (0x24dc, "\u{24c2}"),
    (0x24dd, "\u{24c3}"), (0x24de, "\u{24c4}"), (0x24df, "\u{24c5}"), (0x24e0, "\u{24c6}"),
    (0x24e1, "\u{24c7}"), (0x24e2, "\u{24c8}"), (0x24e3, "\u{24c9}"), (0x24e4, "\u{24ca}"),
    (0x24e5, "\u{24cb}"), (0x24e6, "\u{24cc}"), (0x24e7, "\u{24cd}"), (0x24e8, "\u{24ce}"),
    (0x24e9, "\u{24cf}"), (0x2c30, "\u{2c00}"), (0x2c31, "\u{2c01}"), (0x2c32, "\u{2c02}"),
    (0x2c33, "\u{2c03}"), (0x2c34, "\u{2c04}"), (0x2c35, "\u{2c05}"), (0x2c36, "\u{2c06}"),
    (0x2c37, "\u{2c07}"), (0x2c38, "\u{2c08}"), (0x2c39, "\u{2c09}"), (0x2c3a, "\u{2c0a}"),
    (0x2c3b, "\u{2c0b}"), (0x2c3c, "\u{2c0c}"), (0x2c3d, "\u{2c0d}"), (0x2c3e, "\u{2c0e}"),
    (0x2c3f, "\u{2c0f}"), (0x2c40, "\u{2c10}"), (0x2c41, "\u{2c11}"), (0x2c42, "\u{2c12}"),
    (0x2c43, "\u{2c13}"), (0x2c44, "\u{2c14}"), (0x2c45, "\u{2c15}"), (0x2c46, "\u{2c16}"),
    (0x2c47, "\u{2c17}"), (0x2c48, "\u{2c18}"), (0x2c49, "\u{2c19}"), (0x2c4a, "\u{2c1a}"),
    (0x2c4b, "\u{2c1b}"), (0x2c4c, "\u{2c1c}"), (0x2c4d, "\u{2c1d}"), (0x2c4e, "\u{2c1e}"),
    (0x2c4f, "\u{2c1f}"), (0x2c50, "\u{2c20}"), (0x2c51, "\u{2c21}"), (0x2c52, "\u{2c22}"),
    (0x2c53, "\u{2c23}"), (0x2c54, "\u{2c24}"), (0x2c55, "\u{2c25}"), (0x2c56, "\u{2c26}"),
    (0x2c57, "\u{2c27}"), (0x2c58, "\u{2c28}"), (0x2c59, "\u{2c29}"), (0x2c5a, "\u{2c2a}"),
    (0x2c5b, "\u{2c2b}"), (0x2c5c, "\u{2c2c}"), (0x2c5d, "\u{2c2d}"), (0x2c5e, "\u{2c2e}"),
    (0x2c5f, "\u{2c2f}"), (0x2c61, "\u{2c60}"), (0x2c65, "\u{23a}"), (0x2c66, "\u{23e}"),
    (0x2c68, "\u{2c67}"), (0x2c6a, "\u{2c69}"), (0x2c6c, "\u{2c6b}"), (0x2c73, "\u{2c72}"),
    (0x2c76, "\u{2c75}"), (0x2c81, "\u{2c80}"), (0x2c83, "\u{2c82}"), (0x2c85, "\u{2c84}"),
    (0x2c87, "\u{2c86}"), (0x2c89, "\u{2c88}"), (0x2c8b, "\u{2c8a}"), (0x2c8d, "\u{2c8c}"),
    (0x2c8f, "\u{2c8e}"), (0x2c91, "\u{2c90}"), (0x2c93, "\u{2c92}"), (0x2c95, "\u{2c94}"),
    (0x2c97, "\u{2c96}"), (0x2c99, "\u{2c98}"), (0x2c9b, "\u{2c9a}"), (0x2c9d, "\u{2c9c}"),
    (0x2c9f, "\u{2c9e}"), (0x2ca1, "\u{2ca0}"), (0x2ca3, "\u{2ca2}"), (0x2ca5, "\u{2ca4}"),
    (0x2ca7, "\u{2ca6}"), (0x2ca9, "\u{2ca8}"), (0x2cab, "\u{2caa}"), (0x2cad, "\u{2cac}"),
    (0x2caf, "\u{2cae}"), (0x2cb1, "\u{2cb0}"), (0x2cb3, "\u{2cb2}"), (0x2cb5, "\u{2cb4}"),
    (0x2cb7, "\u{2cb6}"), (0x2cb9, "\u{2cb8}"), (0x2cbb, "\u{2cba}"), (0x2cbd, "\u{2cbc}"),
    (0x2cbf, "\u{2cbe}"), (0x2cc1, "\u{2cc0}"), (0x2cc3, "\u{2cc2}"), (0x2cc5, "\u{2cc4}"),
    (0x2cc7, "\u{2cc6}"), (0x2cc9, "\u{2cc8}"), (0x2ccb, "\u{2cca}"), (0x2ccd, "\u{2ccc}"),
    (0x2ccf, "\u{2cce}"), (0x2cd1, "\u{2cd0}"), (0x2cd3, "\u{2cd2}"), (0x2cd5, "\u{2cd4}"),
    (0x2cd7, "\u{2cd6}"), (0x2cd9, "\u{2cd8}"), (0x2cdb, "\u{2cda}"), (0x2cdd, "\u{2cdc}"),
    (0x2cdf, "\u{2cde}"), (0x2ce1, "\u{2ce0}"), (0x2ce3, "\u{2ce2}"), (0x2cec, "\u{2ceb}"),
    (0x2cee, "\u{2ced}"), (0x2cf3, "\u{2cf2}"), (0x2d00, "\u{10a0}"), (0x2d01, "\u{10a1}"),
    (0x2d02, "\u{10a2}"), (0x2d03, "\u{10a3}"), (0x2d04, "\u{10a4}"), (0x2d05, "\u{10a5}"),
    (0x2d06, "\u{10a6}"), (0x2d07, "\u{10a7}"), (0x2d08, "\u{10a8}"), (0x2d09, "\u{10a9}"),
    (0x2d0a, "\u{10aa}"), (0x2d0b, "\u{10ab}"), (0x2d0c, "\u{10ac}"), (0x2d0d, "\u{10ad}"),
    (0x2d0e, "\u{10ae}"), (0x2d0f, "\u{10af}"), (0x2d10, "\u{10b0}"), (0x2d11, "\u{10b1}"),
    (0x2d12, "\u{10b2}"), (0x2d13, "\u{10b3}"), (0x2d14, "\u{10b4}"), (0x2d15, "\u{10b5}"),
    (0x2d16, "\u{10b6}"), (0x2d17, "\u{10b7}"), (0x2d18, "\u{10b8}"), (0x2d19, "\u{10b9}"),
    (0x2d1a, "\u{10ba}"), (0x2d1b, "\u{10bb}"), (0x2d1c, "\u{10bc}"), (0x2d1d, "\u{10bd}"),
    (0x2d1e, "\u{10be}"), (0x2d1f, "\u{10bf}"), (0x2d20, "\u{10c0}"), (0x2d21, "\u{10c1}"),
    (0x2d22, "\u{10c2}"), (0x2d23, "\u{10c3}"), (0x2d24, "\u{10c4}"), (0x2d25, "\u{10c5}"),
    (0x2d27, "\u{10c7}"), (0x2d2d, "\u{10cd}"), (0xa641, "\u{a640}"), (0xa643, "\u{a642}"),
    (0xa645, "\u{a644}"), (0xa647, "\u{a646}"), (0xa649, "\u{a648}"), (0xa64b, "\u{a64a}"),
    (0xa64d, "\u{a64c}"), (0xa64f, "\u{a64e}"), (0xa651, "\u{a650}"), (0xa653, "\u{a652}"),
    (0xa655, "\u{a654}"), (0xa657, "\u{a656}"), (0xa659, "\u{a658}"), (0xa65b, "\u{a65a}"),
    (0xa65d, "\u{a65c}"), (0xa65f, "\u{a65e}"), (0xa661, "\u{a660}"), (0xa663, "\u{a662}"),
    (0xa665, "\u{a664}"), (0xa667, "\u{a666}"), (0xa669, "\u{a668}"), (0xa66b, "\u{a66a}"),
    (0xa66d, "\u{a66c}"), (0xa681, "\u{a680}"), (0xa683, "\u{a682}"), (0xa685, "\u{a684}"),
    (0xa687, "\u{a686}"), (0xa689, "\u{a688}"), (0xa68b, "\u{a68a}"), (0xa68d, "\u{a68c}"),
    (0xa68f, "\u{a68e}"), (0xa691, "\u{a690}"), (0xa693, "\u{a692}"), (0xa695, "\u{a694}"),
    (0xa697, "\u{a696}"), (0xa699, "\u{a698}"), (0xa69b, "\u{a69a}"), (0xa723, "\u{a722}"),
    (0xa725, "\u{a724}"), (0xa727, "\u{a726}"), (0xa729, "\u{a728}"), (0xa72b, "\u{a72a}"),
    (0xa72d, "\u{a72c}"), (0xa72f, "\u{a72e}"), (0xa733, "\u{a732}"), (0xa735, "\u{a734}"),
    (0xa737, "\u{a736}"), (0xa739, "\u{a738}"), (0xa73b, "\u{a73a}"), (0xa73d, "\u{a73c}"),
    (0xa73f, "\u{a73e}"), (0xa741, "\u{a740}"), (0xa743, "\u{a742}"), (0xa745, "\u{a744}"),
    (0xa747, "\u{a746}"), (0xa749, "\u{a748}"), (0xa74b, "\u{a74a}"), (0xa74d, "\u{a74c}"),
    (0xa74f, "\u{a74e}"), (0xa751, "\u{a750}"), (0xa753, "\u{a752}"), (0xa755, "\u{a754}"),
    (0xa757, "\u{a756}"), (0xa759, "\u{a758}"), (0xa75b, "\u{a75a}"), (0xa75d, "\u{a75c}"),
    (0xa75f, "\u{a75e}"), (0xa761, "\u{a760}"), (0xa763, "\u{a762}"), (0xa765, "\u{a764}"),
    (0xa767, "\u{a766}"), (0xa769, "\u{a768}"), (0xa76b, "\u{a76a}"), (0xa76d, "\u{a76c}"),
    (0xa76f, "\u{a76e}"), (0xa77a, "\u{a779}"), (0xa77c, "\u{a77b}"), (0xa77f, "\u{a77e}"),
    (0xa781, "\u{a780}"), (0xa783, "\u{a782}"), (0xa785, "\u{a784}"), (0xa787, "\u{a786}"),
    (0xa78c, "\u{a78b}"), (0xa791, "\u{a790}"), (0xa793, "\u{a792}"), (0xa794, "\u{a7c4}"),
    (0xa797, "\u{a796}"), (0xa799, "\u{a798}"), (0xa79b, "\u{a79a}"), (0xa79d, "\u{a79c}"),
    (0xa79f, "\u{a79e}"), (0xa7a1, "\u{a7a0}"), (0xa7a3, "\u{a7a2}"), (0xa7a5, "\u{a7a4}"),
    (0xa7a7, "\u{a7a6}"), (0xa7a9, "\u{a7a8}"), (0xa7b5, "\u{a7b4}"), (0xa7b7, "\u{a7b6}"),
    (0xa7b9, "\u{a7b8}"), (0xa7bb, "\u{a7ba}"), (0xa7bd, "\u{a7bc}"), (0xa7bf, "\u{a7be}"),
    (0xa7c1, "\u{a7c0}"), (0xa7c3, "\u{a7c2}"), (0xa7c8, "\u{a7c7}"), (0xa7ca, "\u{a7c9}"),
    (0xa7cd, "\u{a7cc}"), (0xa7d1, "\u{a7d0}"), (0xa7d7, "\u{a7d6}"), (0xa7d9, "\u{a7d8}"),
    (0xa7db, "\u{a7da}"), (0xa7f6, "\u{a7f5}"), (0xab53, "\u{a7b3}"), (0xab70, "\u{13a0}"),
    (0xab71, "\u{13a1}"), (0xab72, "\u{13a2}"), (0xab73, "\u{13a3}"), (0xab74, "\u{13a4}"),
    (0xab75, "\u{13a5}"), (0xab76, "\u{13a6}"), (0xab77, "\u{13a7}"), (0xab78, "\u{13a8}"),
    (0xab79, "\u{13a9}"), (0xab7a, "\u{13aa}"), (0xab7b, "\u{13ab}"), (0xab7c, "\u{13ac}"),
    (0xab7d, "\u{13ad}"), (0xab7e, "\u{13ae}"), (0xab7f, "\u{13af}"), (0xab80, "\u{13b0}"),
    (0xab81, "\u{13b1}"), (0xab82, "\u{13b2}"), (0xab83, "\u{13b3}"), (0xab84, "\u{13b4}"),
    (0xab85, "\u{13b5}"), (0xab86, "\u{13b6}"), (0xab87, "\u{13b7}"), (0xab88, "\u{13b8}"),
    (0xab89, "\u{13b9}"), (0xab8a, "\u{13ba}"), (0xab8b, "\u{13bb}"), (0xab8c, "\u{13bc}"),
    (0xab8d, "\u{13bd}"), (0xab8e, "\u{13be}"), (0xab8f, "\u{13bf}"), (0xab90, "\u{13c0}"),
    (0xab91, "\u{13c1}"), (0xab92, "\u{13c2}"), (0xab93, "\u{13c3}"), (0xab94, "\u{13c4}"),
    (0xab95, "\u{13c5}"), (0xab96, "\u{13c6}"), (0xab97, "\u{13c7}"), (0xab98, "\u{13c8}"),
    (0xab99, "\u{13c9}"), (0xab9a, "\u{13ca}"), (0xab9b, "\u{13cb}"), (0xab9c, "\u{13cc}"),
    (0xab9d, "\u{13cd}"), (0xab9e, "\u{13ce}"), (0xab9f, "\u{13cf}"), (0xaba0, "\u{13d0}"),
    (0xaba1, "\u{13d1}"), (0xaba2, "\u{13d2}"), (0xaba3, "\u{13d3}"), (0xaba4, "\u{13d4}"),
    (0xaba5, "\u{13d5}"), (0xaba6, "\u{13d6}"), (0xaba7, "\u{13d7}"), (0xaba8, "\u{13d8}"),
    (0xaba9, "\u{13d9}"), (0xabaa, "\u{13da}"), (0xabab, "\u{13db}"), (0xabac, "\u{13dc}"),
    (0xabad, "\u{13dd}"), (0xabae, "\u{13de}"), (0xabaf, "\u{13df}"), (0xabb0, "\u{13e0}"),
    (0xabb1, "\u{13e1}"), (0xabb2, "\u{13e2}"), (0xabb3, "\u{13e3}"), (0xabb4, "\u{13e4}"),
    (0xabb5, "\u{13e5}"), (0xabb6, "\u{13e6}"), (0xabb7, "\u{13e7}"), (0xabb8, "\u{13e8}"),
    (0xabb9, "\u{13e9}"), (0xabba, "\u{13ea}"), (0xabbb, "\u{13eb}"), (0xabbc, "\u{13ec}"),
    (0xabbd, "\u{13ed}"), (0xabbe, "\u{13ee}"), (0xabbf, "\u{13ef}"), (0xfb00, "\u{46}\u{66}"),
    (0xfb01, "\u{46}\u{69}"), (0xfb02, "\u{46}\u{6c}"), (0xfb03, "\u{46}\u{66}\u{69}"), (0xfb04, "\u{46}\u{66}\u{6c}"),
    (0xfb05, "\u{53}\u{74}"), (0xfb06, "\u{53}\u{74}"), (0xfb13, "\u{544}\u{576}"), (0xfb14, "\u{544}\u{565}"),
    (0xfb15, "\u{544}\u{56b}"), (0xfb16, "\u{54e}\u{576}"), (0xfb17, "\u{544}\u{56d}"), (0xff41, "\u{ff21}"),
    (0xff42, "\u{ff22}"), (0xff43, "\u{ff23}"), (0xff44, "\u{ff24}"), (0xff45, "\u{ff25}"),
    (0xff46, "\u{ff26}"), (0xff47, "\u{ff27}"), (0xff48, "\u{ff28}"), (0xff49, "\u{ff29}"),
    (0xff4a, "\u{ff2a}"), (0xff4b, "\u{ff2b}"), (0xff4c, "\u{ff2c}"), (0xff4d, "\u{ff2d}"),
    (0xff4e, "\u{ff2e}"), (0xff4f, "\u{ff2f}"), (0xff50, "\u{ff30}"), (0xff51, "\u{ff31}"),
    (0xff52, "\u{ff32}"), (0xff53, "\u{ff33}"), (0xff54, "\u{ff34}"), (0xff55, "\u{ff35}"),
    (0xff56, "\u{ff36}"), (0xff57, "\u{ff37}"), (0xff58, "\u{ff38}"), (0xff59, "\u{ff39}"),
    (0xff5a, "\u{ff3a}"), (0x10428, "\u{10400}"), (0x10429, "\u{10401}"), (0x1042a, "\u{10402}"),
    (0x1042b, "\u{10403}"), (0x1042c, "\u{10404}"), (0x1042d, "\u{10405}"), (0x1042e, "\u{10406}"),
    (0x1042f, "\u{10407}"), (0x10430, "\u{10408}"), (0x10431, "\u{10409}"), (0x10432, "\u{1040a}"),
    (0x10433, "\u{1040b}"), (0x10434, "\u{1040c}"), (0x10435, "\u{1040d}"), (0x10436, "\u{1040e}"),
    (0x10437, "\u{1040f}"), (0x10438, "\u{10410}"), (0x10439, "\u{10411}"), (0x1043a, "\u{10412}"),
    (0x1043b, "\u{10413}"), (0x1043c, "\u{10414}"), (0x1043d, "\u{10415}"), (0x1043e, "\u{10416}"),
    (0x1043f, "\u{10417}"), (0x10440, "\u{10418}"), (0x10441, "\u{10419}"), (0x10442, "\u{1041a}"),
    (0x10443, "\u{1041b}"), (0x10444, "\u{1041c}"), (0x10445, "\u{1041d}"), (0x10446, "\u{1041e}"),
    (0x10447, "\u{1041f}"), (0x10448, "\u{10420}"), (0x10449, "\u{10421}"), (0x1044a, "\u{10422}"),
    (0x1044b, "\u{10423}"), (0x1044c, "\u{10424}"), (0x1044d, "\u{10425}"), (0x1044e, "\u{10426}"),
    (0x1044f, "\u{10427}"), (0x104d8, "\u{104b0}"), (0x104d9, "\u{104b1}"), (0x104da, "\u{104b2}"),
    (0x104db, "\u{104b3}"), (0x104dc, "\u{104b4}"), (0x104dd, "\u{104b5}"), (0x104de, "\u{104b6}"),
    (0x104df, "\u{104b7}"), (0x104e0, "\u{104b8}"), (0x104e1, "\u{104b9}"), (0x104e2, "\u{104ba}"),
    (0x104e3, "\u{104bb}"), (0x104e4, "\u{104bc}"), (0x104e5, "\u{104bd}"), (0x104e6, "\u{104be}"),
    (0x104e7, "\u{104bf}"), (0x104e8, "\u{104c0}"), (0x104e9, "\u{104c1}"), (0x104ea, "\u{104c2}"),
    (0x104eb, "\u{104c3}"), (0x104ec, "\u{104c4}"), (0x104ed, "\u{104c5}"), (0x104ee, "\u{104c6}"),
    (0x104ef, "\u{104c7}"), (0x104f0, "\u{104c8}"), (0x104f1, "\u{104c9}"), (0x104f2, "\u{104ca}"),
    (0x104f3, "\u{104cb}"), (0x104f4, "\u{104cc}"), (0x104f5, "\u{104cd}"), (0x104f6, "\u{104ce}"),
    (0x104f7, "\u{104cf}"), (0x104f8, "\u{104d0}"), (0x104f9, "\u{104d1}"), (0x104fa, "\u{104d2}"),
    (0x104fb, "\u{104d3}"), (0x10597, "\u{10570}"), (0x10598, "\u{10571}"), (0x10599, "\u{10572}"),
    (0x1059a, "\u{10573}"), (0x1059b, "\u{10574}"), (0x1059c, "\u{10575}"), (0x1059d, "\u{10576}"),
    (0x1059e, "\u{10577}"), (0x1059f, "\u{10578}"), (0x105a0, "\u{10579}"), (0x105a1, "\u{1057a}"),
    (0x105a3, "\u{1057c}"), (0x105a4, "\u{1057d}"), (0x105a5, "\u{1057e}"), (0x105a6, "\u{1057f}"),
    (0x105a7, "\u{10580}"), (0x105a8, "\u{10581}"), (0x105a9, "\u{10582}"), (0x105aa, "\u{10583}"),
    (0x105ab, "\u{10584}"), (0x105ac, "\u{10585}"), (0x105ad, "\u{10586}"), (0x105ae, "\u{10587}"),
    (0x105af, "\u{10588}"), (0x105b0, "\u{10589}"), (0x105b1, "\u{1058a}"), (0x105b3, "\u{1058c}"),
    (0x105b4, "\u{1058d}"), (0x105b5, "\u{1058e}"), (0x105b6, "\u{1058f}"), (0x105b7, "\u{10590}"),
    (0x105b8, "\u{10591}"), (0x105b9, "\u{10592}"), (0x105bb, "\u{10594}"), (0x105bc, "\u{10595}"),
    (0x10cc0, "\u{10c80}"), (0x10cc1, "\u{10c81}"), (0x10cc2, "\u{10c82}"), (0x10cc3, "\u{10c83}"),
    (0x10cc4, "\u{10c84}"), (0x10cc5, "\u{10c85}"), (0x10cc6, "\u{10c86}"), (0x10cc7, "\u{10c87}"),
    (0x10cc8, "\u{10c88}"), (0x10cc9, "\u{10c89}"), (0x10cca, "\u{10c8a}"), (0x10ccb, "\u{10c8b}"),
    (0x10ccc, "\u{10c8c}"), (0x10ccd, "\u{10c8d}"), (0x10cce, "\u{10c8e}"), (0x10ccf, "\u{10c8f}"),
    (0x10cd0, "\u{10c90}"), (0x10cd1, "\u{10c91}"), (0x10cd2, "\u{10c92}"), (0x10cd3, "\u{10c93}"),
    (0x10cd4, "\u{10c94}"), (0x10cd5, "\u{10c95}"), (0x10cd6, "\u{10c96}"), (0x10cd7, "\u{10c97}"),
    (0x10cd8, "\u{10c98}"), (0x10cd9, "\u{10c99}"), (0x10cda, "\u{10c9a}"), (0x10cdb, "\u{10c9b}"),
    (0x10cdc, "\u{10c9c}"), (0x10cdd, "\u{10c9d}"), (0x10cde, "\u{10c9e}"), (0x10cdf, "\u{10c9f}"),
    (0x10ce0, "\u{10ca0}"), (0x10ce1, "\u{10ca1}"), (0x10ce2, "\u{10ca2}"), (0x10ce3, "\u{10ca3}"),
    (0x10ce4, "\u{10ca4}"), (0x10ce5, "\u{10ca5}"), (0x10ce6, "\u{10ca6}"), (0x10ce7, "\u{10ca7}"),
    (0x10ce8, "\u{10ca8}"), (0x10ce9, "\u{10ca9}"), (0x10cea, "\u{10caa}"), (0x10ceb, "\u{10cab}"),
    (0x10cec, "\u{10cac}"), (0x10ced, "\u{10cad}"), (0x10cee, "\u{10cae}"), (0x10cef, "\u{10caf}"),
    (0x10cf0, "\u{10cb0}"), (0x10cf1, "\u{10cb1}"), (0x10cf2, "\u{10cb2}"), (0x10d70, "\u{10d50}"),
    (0x10d71, "\u{10d51}"), (0x10d72, "\u{10d52}"), (0x10d73, "\u{10d53}"), (0x10d74, "\u{10d54}"),
    (0x10d75, "\u{10d55}"), (0x10d76, "\u{10d56}"), (0x10d77, "\u{10d57}"), (0x10d78, "\u{10d58}"),
    (0x10d79, "\u{10d59}"), (0x10d7a, "\u{10d5a}"), (0x10d7b, "\u{10d5b}"), (0x10d7c, "\u{10d5c}"),
    (0x10d7d, "\u{10d5d}"), (0x10d7e, "\u{10d5e}"), (0x10d7f, "\u{10d5f}"), (0x10d80, "\u{10d60}"),
    (0x10d81, "\u{10d61}"), (0x10d82, "\u{10d62}"), (0x10d83, "\u{10d63}"), (0x10d84, "\u{10d64}"),
    (0x10d85, "\u{10d65}"), (0x118c0, "\u{118a0}"), (0x118c1, "\u{118a1}"), (0x118c2, "\u{118a2}"),
    (0x118c3, "\u{118a3}"), (0x118c4, "\u{118a4}"), (0x118c5, "\u{118a5}"), (0x118c6, "\u{118a6}"),
    (0x118c7, "\u{118a7}"), (0x118c8, "\u{118a8}"), (0x118c9, "\u{118a9}"), (0x118ca, "\u{118aa}"),
    (0x118cb, "\u{118ab}"), (0x118cc, "\u{118ac}"), (0x118cd, "\u{118ad}"), (0x118ce, "\u{118ae}"),
    (0x118cf, "\u{118af}"), (0x118d0, "\u{118b0}"), (0x118d1, "\u{118b1}"), (0x118d2, "\u{118b2}"),
    (0x118d3, "\u{118b3}"), (0x118d4, "\u{118b4}"), (0x118d5, "\u{118b5}"), (0x118d6, "\u{118b6}"),
    (0x118d7, "\u{118b7}"), (0x118d8, "\u{118b8}"), (0x118d9, "\u{118b9}"), (0x118da, "\u{118ba}"),
    (0x118db, "\u{118bb}"), (0x118dc, "\u{118bc}"), (0x118dd, "\u{118bd}"), (0x118de, "\u{118be}"),
    (0x118df, "\u{118bf}"), (0x16e60, "\u{16e40}"), (0x16e61, "\u{16e41}"), (0x16e62, "\u{16e42}"),
    (0x16e63, "\u{16e43}"), (0x16e64, "\u{16e44}"), (0x16e65, "\u{16e45}"), (0x16e66, "\u{16e46}"),
    (0x16e67, "\u{16e47}"), (0x16e68, "\u{16e48}"), (0x16e69, "\u{16e49}"), (0x16e6a, "\u{16e4a}"),
    (0x16e6b, "\u{16e4b}"), (0x16e6c, "\u{16e4c}"), (0x16e6d, "\u{16e4d}"), (0x16e6e, "\u{16e4e}"),
    (0x16e6f, "\u{16e4f}"), (0x16e70, "\u{16e50}"), (0x16e71, "\u{16e51}"), (0x16e72, "\u{16e52}"),
    (0x16e73, "\u{16e53}"), (0x16e74, "\u{16e54}"), (0x16e75, "\u{16e55}"), (0x16e76, "\u{16e56}"),
    (0x16e77, "\u{16e57}"), (0x16e78, "\u{16e58}"), (0x16e79, "\u{16e59}"), (0x16e7a, "\u{16e5a}"),
    (0x16e7b, "\u{16e5b}"), (0x16e7c, "\u{16e5c}"), (0x16e7d, "\u{16e5d}"), (0x16e7e, "\u{16e5e}"),
    (0x16e7f, "\u{16e5f}"), (0x1e922, "\u{1e900}"), (0x1e923, "\u{1e901}"), (0x1e924, "\u{1e902}"),
    (0x1e925, "\u{1e903}"), (0x1e926, "\u{1e904}"), (0x1e927, "\u{1e905}"), (0x1e928, "\u{1e906}"),
    (0x1e929, "\u{1e907}"), (0x1e92a, "\u{1e908}"), (0x1e92b, "\u{1e909}"), (0x1e92c, "\u{1e90a}"),
    (0x1e92d, "\u{1e90b}"), (0x1e92e, "\u{1e90c}"), (0x1e92f, "\u{1e90d}"), (0x1e930, "\u{1e90e}"),
    (0x1e931, "\u{1e90f}"), (0x1e932, "\u{1e910}"), (0x1e933, "\u{1e911}"), (0x1e934, "\u{1e912}"),
    (0x1e935, "\u{1e913}"), (0x1e936, "\u{1e914}"), (0x1e937, "\u{1e915}"), (0x1e938, "\u{1e916}"),
    (0x1e939, "\u{1e917}"), (0x1e93a, "\u{1e918}"), (0x1e93b, "\u{1e919}"), (0x1e93c, "\u{1e91a}"),
    (0x1e93d, "\u{1e91b}"), (0x1e93e, "\u{1e91c}"), (0x1e93f, "\u{1e91d}"), (0x1e940, "\u{1e91e}"),
    (0x1e941, "\u{1e91f}"), (0x1e942, "\u{1e920}"), (0x1e943, "\u{1e921}"),
];

/// The full titlecase mapping for `c`, or `None` when it maps to itself.
pub fn title_mapping(c: char) -> Option<&'static str> {
    let cp = c as u32;
    TITLE_MAP
        .binary_search_by_key(&cp, |&(k, _)| k)
        .ok()
        .map(|i| TITLE_MAP[i].1)
}

#[cfg(test)]
mod tests {
    use super::*;

    /// Every table must be sorted, non-overlapping, non-adjacent, and
    /// free of surrogate code points — the invariants `in_table`'s
    /// binary search and the generator's range-merging rely on.
    #[test]
    fn tables_are_well_formed() {
        for table in [
            DIGIT,
            DECIMAL,
            ALPHA,
            ALNUM,
            SPACE,
            UPPER,
            LOWER,
            CASED,
            CASE_IGNORABLE,
            IDENT_START,
            IDENT_CONTINUE,
        ] {
            let mut prev_end: Option<u32> = None;
            for &(start, end) in table {
                assert!(start <= end);
                assert!(end <= 0x10FFFF);
                assert!(!(start <= 0xDFFF && end >= 0xD800), "surrogates in table");
                if let Some(p) = prev_end {
                    // Adjacent ranges would indicate a generator bug.
                    assert!(start > p + 1, "unmerged ranges at {start:#x}");
                }
                prev_end = Some(end);
            }
        }
    }

    /// Exhaustive: `in_table` must agree with a linear sweep for every
    /// code point, covering all range-boundary edge cases. The sweep
    /// uses a forward-advancing cursor over the ranges (same trick as
    /// `verify()` in the generator) so the whole test is linear, not
    /// quadratic — it must stay fast in the debug profile.
    #[test]
    fn binary_search_matches_linear_scan() {
        for table in [DIGIT, DECIMAL, SPACE, CASED] {
            let mut idx = 0;
            for cp in 0..=0x10FFFFu32 {
                let Some(c) = char::from_u32(cp) else {
                    continue;
                };
                while idx < table.len() && table[idx].1 < cp {
                    idx += 1;
                }
                let linear = idx < table.len() && table[idx].0 <= cp;
                assert_eq!(in_table(table, c), linear, "U+{cp:04X}");
            }
        }
    }

    /// Every DECIMAL range must be a whole number of zero-aligned 0-9
    /// runs — the invariant `decimal_digit_value`'s `% 10` computation
    /// relies on (the generator verifies the per-code-point values
    /// against unicodedata).
    #[test]
    fn decimal_ranges_are_zero_aligned_runs() {
        for &(start, end) in DECIMAL {
            assert_eq!((end - start + 1) % 10, 0, "U+{start:04X}..U+{end:04X}");
        }
    }

    /// Spot-check `decimal_digit_value` against known code points, and
    /// confirm DECIMAL is a subset of DIGIT.
    #[test]
    fn decimal_digit_value_known_points() {
        for (i, c) in ('0'..='9').enumerate() {
            assert_eq!(decimal_digit_value(c), Some(i as u32));
        }
        assert_eq!(decimal_digit_value('\u{0663}'), Some(3)); // ARABIC-INDIC THREE
        assert_eq!(decimal_digit_value('\u{0967}'), Some(1)); // DEVANAGARI ONE
        assert_eq!(decimal_digit_value('\u{ff17}'), Some(7)); // FULLWIDTH SEVEN
        assert_eq!(decimal_digit_value('\u{1d7d8}'), Some(0)); // MATH DOUBLE-STRUCK ZERO
        assert_eq!(decimal_digit_value('\u{00b2}'), None); // SUPERSCRIPT TWO (No)
        assert_eq!(decimal_digit_value('\u{216b}'), None); // ROMAN NUMERAL TWELVE (Nl)
        assert_eq!(decimal_digit_value('a'), None);
        for cp in 0..=0x10FFFFu32 {
            let Some(c) = char::from_u32(cp) else {
                continue;
            };
            if decimal_digit_value(c).is_some() {
                assert!(in_table(DIGIT, c), "U+{cp:04X} decimal but not DIGIT");
            }
        }
    }

    /// TITLE_MAP must be sorted by code point with no duplicates, every
    /// mapping must differ from its key, and `title_mapping` must agree
    /// with a linear sweep (forward cursor, so the test stays linear).
    #[test]
    fn title_map_is_well_formed() {
        let mut prev: Option<u32> = None;
        for &(cp, mapped) in TITLE_MAP {
            if let Some(p) = prev {
                assert!(cp > p, "unsorted or duplicate at {cp:#x}");
            }
            assert!(!mapped.is_empty());
            assert_ne!(
                char::from_u32(cp).map(String::from).as_deref(),
                Some(mapped)
            );
            prev = Some(cp);
        }
        let mut idx = 0;
        for cp in 0..=0x10FFFFu32 {
            let Some(c) = char::from_u32(cp) else {
                continue;
            };
            while idx < TITLE_MAP.len() && TITLE_MAP[idx].0 < cp {
                idx += 1;
            }
            let linear =
                (idx < TITLE_MAP.len() && TITLE_MAP[idx].0 == cp).then(|| TITLE_MAP[idx].1);
            assert_eq!(title_mapping(c), linear, "U+{cp:04X}");
        }
    }
}
